Order ID,Order Date,Shipped,Customer ID,City,State/Province,Postal/Zip Code,Country,Product Title,Option Summary,Quantity,Unit Price,Discount Price,Item Total,Shipping Total,Discount Total,Order Total,Status
134029,2018-12-07,2018-12-12,79b517750071a0fce0ea0c2ef27fc40d5063df78aac79c8bbf4c7d2e24d9cf3d,Brookings,SD,57006,United States of America,DAFM synth - GENESIS YM2612 / YM3438,FM YAMAHA chip: YM3438 - Fully Assembled,1,124.38,124.38,124.38,0.0,0.0,124.38,billed
136661,2019-01-04,2019-01-13,5f54c081a80b3cd0960794be1ea8f4fbd1bb977f7d9b30227657217fb49a2a54,Neustadt,RP,67433,Germany,DAFM synth - GENESIS YM2612 / YM3438,FM YAMAHA chip: YM2612 - Fully Assembled,1,126.12,126.12,126.12,0.0,0.0,126.12,billed
136829,2019-01-05,2019-01-16,1eaa433ace9b356d976ae83bdfac56282ef0fa7afcc05f191cfffe0d1910502e,Auckland,Auckland,1024,New Zealand,DAFM synth - GENESIS YM2612 / YM3438,FM YAMAHA chip: YM2612 - Fully Assembled,1,126.12,126.12,126.12,0.0,0.0,126.12,billed
137381,2019-01-10,2019-01-19,92ce259747bc2c850787c5e27547416aa4da0a13a23708b92e8a68359ffc2017,Berlin,Berlin,10409,Germany,DAFM synth - GENESIS YM2612 / YM3438,FM YAMAHA chip: YM2612 - Fully Assembled,1,126.12,126.12,126.12,0.0,0.0,126.12,billed
142040,2019-02-23,2019-02-25,d1b71ad194e919d69cabdf143cea070293c4190d6c3be3aeb70d6880f570a1d4,Bluff City,TN,37618,United States of America,DAFM synth - GENESIS YM2612 / YM3438,FM YAMAHA chip: YM2612 - Fully Assembled,1,156.11,129.99,129.99,19.99,26.12,149.98,billed
142045,2019-02-23,2019-02-25,2b399d7420dc7bc7af563099b028273c83adae8cf92fef0d4fc1b992765d109d,Columbus,WI,53925,United States of America,DAFM synth - GENESIS YM2612 / YM3438,FM YAMAHA chip: YM3438 - Fully Assembled,1,154.37,154.37,154.37,19.99,0.0,174.36,billed
142047,2019-02-23,2019-02-25,52516d5a71f334ae0a5c363e0cc7997b6a250db9bed7ad2f67ef2680def8e055,Oaklandand,CA,94608,United States of America,DAFM synth - GENESIS YM2612 / YM3438,FM YAMAHA chip: YM2612 - Fully Assembled,1,156.11,156.11,156.11,19.99,0.0,176.1,billed
142072,2019-02-23,2019-02-25,edc7f106ea218bcd2ab7e30ed2f8c65de216dd3362dbe1a86e936e9d7e398625,Mobile,AL,36693,United States of America,DAFM synth - GENESIS YM2612 / YM3438,FM YAMAHA chip: YM3438 - Fully Assembled,1,154.37,154.37,154.37,19.99,0.0,174.36,billed
143589,2019-03-09,2019-03-11,28560825053c5c116a794656cf80f9a59807b52f306ab2dafa7ad52fd74c13bf,Longview,TX,75605,United States of America,DAFM synth - GENESIS YM2612 / YM3438,FM YAMAHA chip: YM3438 - Fully Assembled,1,174.37,148.25,148.25,19.99,26.12,168.24,billed
143599,2019-03-09,2019-03-11,d0a66c95d33822a59758f1851b143f427562356c52df6bcd662e8bf998c0f662,Providence,RI,02903,United States of America,DAFM synth - GENESIS YM2612 / YM3438,FM YAMAHA chip: YM2612 - Fully Assembled,1,176.11,176.11,176.11,19.99,0.0,196.1,billed
143622,2019-03-09,2019-03-11,0d40570bf5d7d794a30ecbf88122033e62eb4aa17ab2eb071a425218af4f1bea,San Deigo,CA,92107,United States of America,DAFM synth - GENESIS YM2612 / YM3438,FM YAMAHA chip: YM3438 - Fully Assembled,1,174.37,174.37,174.37,19.99,0.0,194.36,billed
145868,2019-03-29,2019-04-06,ea67ffd5aa5e85b4a6c3b7d5343273b178fdf5785998789b8f1f3b46eff89cde,Minneapolis,MN,55412,United States of America,DAFM synth - GENESIS YM2612 / YM3438,PCB Color: Green PCB; FM YAMAHA chip: YM2612 - Fully Assembled,1,176.11,176.11,176.11,19.99,0.0,196.1,billed
145910,2019-03-29,2019-04-06,9662880f7c5f0f51b99c7e906173f16d9e8a2ea9f0c0604282831949869bdc93,Eltham,London,SE9 1AG,United Kingdom,DAFM synth - GENESIS YM2612 / YM3438,PCB Color: Green PCB; FM YAMAHA chip: YM3438 - Fully Assembled,1,174.37,174.37,174.37,9.99,0.0,184.36,billed
146085,2019-03-31,2019-04-06,7edf9a6b42e0c4b91f1ea5013cd7d8df9e4a3c44a2db54eaf12b7b5b3f298c9f,hamburg,hamburg,22049,Germany,DAFM synth - GENESIS YM2612 / YM3438,PCB Color: Green PCB; FM YAMAHA chip: YM2612 - Fully Assembled,1,176.11,176.11,176.11,0.0,0.0,176.11,billed
146865,2019-04-05,2019-04-14,f3b919764c8b2bb2fbf8a791928028128c655e17525c3a618a9d93595a6e44f4,Miami,FL,33165,United States of America,DAFM synth - GENESIS YM2612 / YM3438,Knobs color: Metallic red; PCB Color: White PCB; FM YAMAHA chip: YM2612,1,179.98,179.98,179.98,19.99,0.0,199.97,billed
147569,2019-04-11,2019-04-14,053e199141a85eeef526609bd0d9340828f1f5135adab4e0a0883735ed847f1c,chelmsford,essex,CM28EG,United Kingdom,DAFM synth - GENESIS YM2612 / YM3438,PCB Color: Green PCB; Knobs color: Metallic red; FM YAMAHA chip: YM2612,1,174.99,174.99,174.99,9.99,0.0,184.98,billed
149169,2019-04-25,2019-04-30,4aeb8b57c724f3b2af63ea64ff004365ff476179cfa8669e95df22e4f7a51336,San Jose,CA,95128,United States of America,DAFM synth - GENESIS YM2612 / YM3438,Knobs color: Metallic red; Front cover: Transparent with black mask; PCB Color: White PCB; FM YAMAHA chip: YM3438,1,174.99,174.99,174.99,24.99,0.0,199.98,billed
149200,2019-04-26,2019-04-30,f4737a2c86398c4397971d07f5dac5b74930b619112762ccf4b1f75c1240fa03,Rochester Hills,MI,48309,United States of America,DAFM synth - GENESIS YM2612 / YM3438,PCB Color: Green PCB; Knobs color: Metallic red; Front cover: Transparent with black mask; FM YAMAHA chip: YM2612,1,174.99,174.99,174.99,24.99,0.0,199.98,billed
150116,2019-05-03,2019-05-06,f3c84917b5a85ccec7491d0b233c6381303a8a8350b03bd8f7867996710c84f3,Baltimore,MD,21211,United States of America,DAFM synth - GENESIS YM2612 / YM3438,PCB Color: Green PCB; Knobs color: Metallic red; Front cover: Black translucent; FM YAMAHA chip: YM2612,1,174.99,174.99,174.99,24.99,0.0,199.98,billed
150805,2019-05-09,2019-05-15,4cb562318bdd798cfc2b6e2360a496a0f565df6acb79093e2c657673dd630409,Haslet,TX,76052,United States of America,DAFM synth - GENESIS YM2612 / YM3438,PCB Color: Black PCB; OLED Display Color: Electric Blue; Knobs color: Metallic red; FM YAMAHA chip: YM2612,1,174.99,174.99,174.99,24.99,0.0,199.98,billed
151006,2019-05-11,2019-05-16,51cd085208d60ba40be7aa7c80923fe97becf2804b98d1dca074a7b1677f5839,los angeles,CA,90031,United States of America,DAFM synth - GENESIS YM2612 / YM3438,Knobs color: Rose gold; PCB Color: White PCB; OLED Display Color: White Pearl; FM YAMAHA chip: YM2612,1,174.99,174.99,174.99,24.99,0.0,199.98,billed
151373,2019-05-14,2019-05-18,e2e7eae42f3eb214b4bd3428b04732be1dfc8e00e53313d8a53fd83600fe8b47,Brookhaven,GA,30319,United States of America,DAFM synth - GENESIS YM2612 / YM3438,OLED Display Color: Electric Blue; Knobs color: Rose gold; PCB Color: White PCB; FM YAMAHA chip: YM2612,1,174.99,174.99,174.99,24.99,0.0,199.98,billed
153638,2019-06-03,2019-06-10,8da51772b27ab53e7d92d1d6c00847b12410695c9ce3a26a22000b065fbe0d33,Giesen,76,31180,Germany,DAFM synth - GENESIS YM2612 / YM3438 - DIY kit,OLED Display Color: Electric Blue; FM YAMAHA chip: YM3438,1,124.99,124.99,124.99,14.99,0.0,139.98,billed
153797,2019-06-04,2019-06-11,4bb735f16f7917a5a44174545a2f7d0db1add8048bdcdbfd8e3ed9ffe2dfed89,Seattle,WA,98119,United States of America,DAFM synth - GENESIS YM2612 / YM3438,OLED Display Color: Electric Blue; Knobs color: Metallic red; PCB Color: Office Green; FM YAMAHA chip: YM3438,1,174.99,174.99,174.99,24.99,0.0,199.98,billed
153809,2019-06-05,2019-06-11,959fc149037cd8786d79d4fe6f923be89a09bbcca77c863daf4565314492b246,Rushden,Northamptonshire,NN10 0TS,United Kingdom,DAFM synth - GENESIS YM2612 / YM3438,OLED Display Color: Electric Blue; Knobs color: Metallic red; PCB Color: Office Green; FM YAMAHA chip: YM2612,1,174.99,174.99,174.99,14.99,0.0,189.98,billed
153865,2019-06-05,2019-06-11,c535f7c96b914ecc271c3dd78743a22693737abccfb2c436acbc5c15007c9509,Aptos,CA,95003,United States of America,DAFM synth - GENESIS YM2612 / YM3438 - DIY kit,OLED Display Color: Electric Blue; FM YAMAHA chip: YM3438,1,124.99,124.99,124.99,24.99,0.0,149.98,billed
153924,2019-06-06,,159f093907cc176ab57e859c19213d7b908307bf73d55a03041628bac4041fe2,Ottawa,ON,K2J 4P3,Canada,DAFM synth - GENESIS YM2612 / YM3438,OLED Display Color: Electric Blue; Knobs color: Rose Gold; FM YAMAHA chip: YM3438; PCB Color: Matte Black,1,174.99,174.99,174.99,24.99,0.0,199.98,refunded
153942,2019-06-06,2019-06-11,ce133961483bba15938e5def07aeaf468c6047d4274bd81ece190db354af8cd7,St.Ingbert,Saarland,66386,Germany,DAFM synth - GENESIS YM2612 / YM3438 - DIY kit,OLED Display Color: Electric Blue; FM YAMAHA chip: YM2612,1,124.99,124.99,124.99,14.99,0.0,139.98,billed
155027,2019-06-16,2019-06-19,4beb8cf76c9a6b1df55e9a7e2876492022aa550b5c3121057bec7d2fe7b1897b,Brooklyn,NY,11215,United States of America,DAFM synth - GENESIS YM2612 / YM3438,Knobs color: Metallic Red; OLED Display Color: Pearl White; FM YAMAHA chip: YM2612; PCB Color: Lust Red,1,174.99,174.99,174.99,24.99,0.0,199.98,billed
155539,2019-06-20,2019-06-21,05f39745a03d75243b0135a7b893ebb22303ac5c0113051bd69fafd3abddc168,Vienna,Veinna,1200,Austria,DAFM synth - GENESIS YM2612 / YM3438 - DIY kit,OLED Display Color: White Pearl; FM YAMAHA chip: YM2612,1,124.99,124.99,124.99,16.49,0.0,141.48,billed
155746,2019-06-22,2019-06-30,f8c04c2ac5cbcede5cd3c5d3155d4b936ba0f9622dd49056f6ba29a1c0ee5034,Sakai,osaka,5870022,Japan,DAFM synth - GENESIS YM2612 / YM3438,Knobs color: Metallic Red; PCB Color: Office Green; OLED Display Color: Pearl White; FM YAMAHA chip: YM2612,1,174.99,174.99,174.99,24.99,0.0,199.98,billed
156367,2019-06-27,2019-07-01,d5fd83381006333202214676d960543a2a71930f423d39f4cdfe6d7187bdeb73,Ladera Ranch,CA,92694,United States of America,DAFM synth - GENESIS YM2612 / YM3438,OLED Display Color: Electric Blue; Knobs color: Metallic Red; FM YAMAHA chip: YM3438; PCB Color: Lust Red,1,174.99,174.99,174.99,24.99,0.0,199.98,billed
156880,2019-07-03,2019-07-06,8a54cfa8c6f9b391b313500e8b359c3cc336c76412581ab50acd1c1ace63ad60,Madrid,Madrid,28046,Spain,DAFM synth - GENESIS YM2612 / YM3438,OLED Display Color: Electric Blue; Knobs color: Metallic Red; FM YAMAHA chip: YM2612; PCB Color: Electric Blue,1,174.99,174.99,174.99,5.99,0.0,180.98,refunded
158349,2019-07-17,2019-07-18,61e966197b34354f8cd07e43e77dcace67318cf50cd4805cd02521fbbe9569ef,Wommelgem,Antwerpen,2160,Belgium,DAFM synth - GENESIS YM2612 / YM3438 - DIY kit,OLED Display Color: Electric Blue; FM YAMAHA chip: YM2612,1,124.99,124.99,124.99,16.49,0.0,141.48,billed
158454,2019-07-17,2019-07-19,f7453511616d59b52c25b7534ce11d4c8c13be808bba7829109fd4191d38da99,Mosman Park,WA,6012,Australia,DAFM synth - GENESIS YM2612 / YM3438 - DIY kit,OLED Display Color: Electric Blue; FM YAMAHA chip: YM2612,1,124.99,124.99,124.99,24.99,0.0,149.98,billed
158540,2019-07-18,2019-07-22,76976c2fab88bca577e8b0be2c110d2eb173d14ab0ccb9d9daa2da79ec2d1166,Fort Collins,CO,80525,United States of America,DAFM synth - GENESIS YM2612 / YM3438 - DIY kit,OLED Display Color: Electric Blue; FM YAMAHA chip: YM3438,1,124.99,124.99,124.99,24.99,0.0,149.98,billed
159826,2019-07-28,2019-08-01,f3695071c1ec20b61d52e531662edb4904dd52edb83761fe4fc5efbde12e3d5f,Stockholm,Stockholm,11526,Sweden,DAFM synth - GENESIS YM2612 / YM3438 - DIY kit,OLED Display Color: Electric Blue; FM YAMAHA chip: YM2612,1,124.99,124.99,124.99,16.49,0.0,141.48,billed
159827,2019-07-28,2019-08-02,653f941036f5388568506b819d9cb30984f800b55a1a97c1067c6b843c20d971,Nidderau,Hessen,61130,Germany,DAFM synth - GENESIS YM2612 / YM3438,OLED Display Color: Electric Blue; Knobs color: Metallic Red; FM YAMAHA chip: YM3438; PCB Color: Lust Red,1,174.99,174.99,174.99,16.49,0.0,191.48,billed
159830,2019-07-28,2019-08-02,7bbe3ddd8e4df7a7641b4c3260b10039b3bd490a57209254bcf896a0fd2c52ce,Somerville,MA,02145,United States of America,DAFM synth - GENESIS YM2612 / YM3438,Knobs color: Metallic Red; OLED Display Color: Moon White; PCB Color: Matte Black; FM YAMAHA chip: YM2612,1,174.99,174.99,174.99,24.99,0.0,199.98,billed
159831,2019-07-28,2019-08-02,73cb0f41570243aa30b586826420b69bbdccb9f60d2f4baef692c5a175fb27a7,Munich,Bavaria,80634,Germany,DAFM synth - GENESIS YM2612 / YM3438,OLED Display Color: Electric Blue; Knobs color: Metallic Red; PCB Color: Pearl White; FM YAMAHA chip: YM3438,1,174.99,174.99,174.99,16.49,0.0,191.48,billed
160027,2019-07-30,2019-08-02,57b230abb170e4fe7d1ef761d302f2978c08fc6ff87f284df39ae526cb6b8b21,Hamm,NRW,59063,Germany,DAFM synth - GENESIS YM2612 / YM3438,OLED Display Color: Electric Blue; Knobs color: Metallic Red; PCB Color: Office Green; FM YAMAHA chip: YM2612,1,174.99,174.99,174.99,16.49,0.0,191.48,billed
161622,2019-08-14,2019-08-16,52c82e46f7296058aaadd5494ec966cd64d738596749becd567a1aba5a6d7b19,Tampa,FL,33611,United States of America,DAFM synth - GENESIS YM2612 / YM3438,OLED Display Color: Electric Blue; Knobs color: Metallic Red; PCB Color: Matte Black; FM YAMAHA chip: YM2612,1,174.99,174.99,174.99,24.99,0.0,199.98,billed
162472,2019-08-23,2019-08-27,5fe210228802c98d951248d3d12a42846d8581011b0b56c91e22576b3be5df94,Seattle,WA,98103,United States of America,DAFM synth - GENESIS YM2612 / YM3438,Knobs color: Rose Gold; OLED Display Color: Moon White; FM YAMAHA chip: YM3438; PCB Color: Lust Red,1,174.99,174.99,174.99,24.99,0.0,199.98,billed
163013,2019-08-28,2019-09-04,b63f8a6f3b4ee6111634dea0fdfd0b8ecd580a3f9eb2f21a65f959d90c29efe4,Mountlake Terrace,WA,98043,United States of America,DAFM synth - GENESIS YM2612 / YM3438,OLED Display Color: Electric Blue; Knobs color: Rose Gold; FM YAMAHA chip: YM2612; PCB Color: Ocean Blue,1,174.99,174.99,174.99,24.99,0.0,199.98,billed
163122,2019-08-30,2019-09-04,604d763a54bbb2affa2a56f7e893a692551ff4268ac09644af11800b168b3c12,Sollentuna,Sollentuna,19164,Sweden,DAFM synth - GENESIS YM2612 / YM3438,Knobs color: Rose Gold; OLED Display Color: Moon White; PCB Color: Pearl White; FM YAMAHA chip: YM2612,1,174.99,174.99,174.99,16.49,0.0,191.48,billed
163189,2019-08-30,2019-09-06,be564c7e6dc896c1ebcdbf0ea8802b1c0456660735e9fa46a8434efe9d9888c3,Campsie,Nsw,2194,Australia,DAFM synth - GENESIS YM2612 / YM3438,Knobs color: Rose Gold; OLED Display Color: Moon White; FM YAMAHA chip: YM2612; PCB Color: Ocean Blue,1,174.99,174.99,174.99,24.99,0.0,199.98,billed
163282,2019-09-01,2019-09-07,e34079e907073b6876ba55b8c0c9daa21c9c5558383ac05526a42c39338cb69e,Littleton,CO,80127,United States of America,DAFM synth - GENESIS YM2612 / YM3438,OLED Display Color: Electric Blue; Knobs color: Metallic Red; FM YAMAHA chip: YM2612; PCB Color: Ocean Blue,1,174.99,174.99,174.99,24.99,0.0,199.98,billed
164277,2019-09-09,2019-09-10,e83901328e26d2f706b41cc2d16825fa528d77fb9e8db683dc6480f835caadb1,Reno,NV,89502,United States of America,DAFM synth - GENESIS YM2612 / YM3438 - DIY kit,OLED Display Color: Moon White; FM YAMAHA chip: YM3438,1,124.99,124.99,124.99,24.99,0.0,149.98,billed
164995,2019-09-13,2019-09-18,c59928f853b19b010dc4912f0f2529f15fdd15250d5a04d32b4623507906aee4,Puerto Alcudia,Baleares,07400,Spain,DAFM synth - GENESIS YM2612 / YM3438,OLED Display Color: Electric Blue; Knobs color: Metallic Red; FM YAMAHA chip: YM3438; PCB Color: Onyx Black,1,174.99,174.99,174.99,5.99,0.0,180.98,billed
165073,2019-09-14,2019-09-18,34221135e01f5aca7bb177c38daaa6bdb01a855e4e65fd44c0b2cafb850e9d1a,Port Melbourne,Victoria,3207,Australia,DAFM synth - GENESIS YM2612 / YM3438,OLED Display Color: Electric Blue; Knobs color: Metallic Red; FM YAMAHA chip: YM3438; PCB Color: Onyx Black,1,174.99,174.99,174.99,24.99,0.0,199.98,billed
165456,2019-09-18,2019-09-20,1fa61c52a620aef63e6da5b1aaebd0c6db635f0116cc80f5cfae1ef80ee13b46,Brighton,E Sussex,BN1 5DH,United Kingdom,DAFM synth - GENESIS YM2612 / YM3438 - DIY kit,OLED Display Color: Electric Blue; FM YAMAHA chip: YM2612,1,124.99,94.99,94.99,16.49,30.0,111.48,billed
165495,2019-09-18,2019-09-20,688ed2d7b64a9d79688e94b59b486bb39f87b5b066ec52fb3d1ed8d8b5019aee,Odessa,Odessa,65000,Ukraine,DAFM synth - GENESIS YM2612 / YM3438,OLED Display Color: Electric Blue; Knobs color: Rose Gold; PCB Color: Pearl White; FM YAMAHA chip: YM2612,1,174.99,174.99,174.99,24.99,0.0,199.98,billed
165910,2019-09-22,2019-09-25,75aec2f0a4bee98420c8e3c34b7a541611ab44f2772130486bae052ba9967038,Burnaby,BC,V5A0C8,Canada,DAFM synth - GENESIS YM2612 / YM3438,OLED Display Color: Electric Blue; Knobs color: Metallic Red; PCB Color: Onyx Black; FM YAMAHA chip: YM2612,1,174.99,174.99,174.99,24.99,0.0,199.98,billed
165982,2019-09-23,2019-09-25,9fa60912d1680f41d17d6584169a42d28ed62f3f866a08fdfeee0bffd7e14ae8,Austin,TX,78705,United States of America,DAFM synth - GENESIS YM2612 / YM3438 - DIY kit,OLED Display Color: Moon White; FM YAMAHA chip: YM2612,1,124.99,124.99,124.99,24.99,0.0,149.98,billed
166827,2019-09-30,2019-10-08,4dd0c81d81cee897e87b2bc807b9b82a62a5ba3f978e55cd0b4a4ea1e601cd2d,Kitchener,ON,N2H6M4,Canada,DAFM synth - GENESIS YM2612 / YM3438,Knobs color: Metallic Red; OLED Display Color: Moon White; FM YAMAHA chip: YM3438; PCB Color: Onyx Black,1,174.99,174.99,174.99,24.99,0.0,374.97,billed
166827,2019-09-30,,9b2d5b4678781e53038e91ea5324530a03f27dc1d0e5f6c9bc9d493a23be9de0,,,,,DAFM synth - GENESIS YM2612 / YM3438,OLED Display Color: Electric Blue; Knobs color: Metallic Red; PCB Color: Onyx Black; FM YAMAHA chip: YM2612,1,174.99,174.99,174.99,,,,billed
167298,2019-10-04,2019-10-11,3b296e18988cbb040a665647095fa88dc7db6443e5eeaab1c32a619aa1eb6278,Chicago,IL,60606,United States of America,DAFM synth - GENESIS YM2612 / YM3438,OLED Display Color: Electric Blue; Knobs color: Metallic Red; FM YAMAHA chip: YM2612; PCB Color: Lust Red,1,174.99,174.99,174.99,24.99,0.0,199.98,billed
167552,2019-10-07,2019-10-11,730a0fd0d4d425372cbd5aca40d1cb5020cd1cd68f5c2e5cbd4cc967d018e8ee,Livonia,MI,48150,United States of America,DAFM synth - GENESIS YM2612 / YM3438 - DIY kit,OLED Display Color: Electric Blue; FM YAMAHA chip: YM3438,1,124.99,108.87,108.87,24.99,16.12,133.86,billed
167659,2019-10-08,2019-10-14,747cec2178e135923f8949acc19919c1bae0b841a0224d1aff50c90c11867334,Dewsbury,West Yorkshire,WF13 1EL,United Kingdom,DAFM synth - GENESIS YM2612 / YM3438,OLED Display Color: Electric Blue; Knobs color: Rose Gold; PCB Color: Pearl White; FM YAMAHA chip: YM2612,1,174.99,174.99,174.99,16.49,0.0,191.48,billed
168597,2019-10-17,2019-10-22,a89ed67b0fa7fd079c110b415c1a8cd545d6f5b476478439fe00019382f179ab,Gulf Breeze,FL,32563,United States of America,DAFM synth - GENESIS YM2612 / YM3438,OLED Display Color: Electric Blue; Knobs color: Metallic Red; PCB Color: Onyx Black; FM YAMAHA chip: YM2612,1,174.99,174.99,174.99,24.99,0.0,199.98,billed
168775,2019-10-19,2019-10-22,c992df697ec19b487516ce66b69c14742092e5ef1e73f914966fffbcd4746674,Philadelphia,PA,19148,United States of America,DAFM synth - GENESIS YM2612 / YM3438 - DIY kit,OLED Display Color: Electric Blue; FM YAMAHA chip: YM2612,1,124.99,119.99,119.99,24.99,5.0,144.98,billed
168918,2019-10-20,2019-10-23,8b04ce30032583c1ae392634902be1d1d30b68ba76b9d3c829cb156829fa76e1,Mission Viejo,CA,92691,United States of America,DAFM synth - GENESIS YM2612 / YM3438,Knobs color: Urban Black; OLED Display Color: Moon White; PCB Color: Pearl White; FM YAMAHA chip: YM2612,1,174.99,174.99,174.99,24.99,0.0,199.98,billed
169050,2019-10-21,2019-10-23,888c2f2a11d94e8573a8e80fb532eca4ac8978e110d6ce57e266f8ad18bdacac,San Clemente,CA,92672,United States of America,DAFM synth - GENESIS YM2612 / YM3438,OLED Display Color: Electric Blue; Knobs color: Metallic Red; FM YAMAHA chip: YM3438; PCB Color: Ocean Blue,1,174.99,174.99,174.99,24.99,0.0,199.98,billed
169478,2019-10-24,2019-11-04,302eaac304000f980311a72d7de0221fc451f4e0932f414df4770d96556db182,Box Hill South,Victoria,3128,Australia,DAFM synth - GENESIS YM2612 / YM3438 - DIY kit,OLED Display Color: Electric Blue; FM YAMAHA chip: YM3438,1,124.99,124.99,124.99,24.99,0.0,149.98,billed
169480,2019-10-24,2019-11-04,2de87594ed48677e1db4ebdbeb39fe3e0f5c5b92d614990964066f5a2420545f,Manassas,VA,20110,United States of America,DAFM synth - GENESIS YM2612 / YM3438,Knobs color: Rose Gold; OLED Display Color: Moon White; PCB Color: Pearl White; FM YAMAHA chip: YM2612,1,174.99,174.99,174.99,24.99,0.0,199.98,billed
169606,2019-10-25,2019-11-04,0fca99ae5de786748e568d7aee84e031a27bad200851e7089a587c8617983425,Pierceton,IN,46562,United States of America,DAFM synth - GENESIS YM2612 / YM3438,OLED Display Color: Electric Blue; Knobs color: Urban Black; FM YAMAHA chip: YM2612; PCB Color: Lust Red,1,174.99,174.99,174.99,24.99,0.0,199.98,billed
169753,2019-10-27,2019-11-04,6543d9c2a185cb7fea57ef09d5ed43920c823687192d24b0a53717109888042d,Zaltbommel,Gelderland,5301LX,Netherlands,DAFM synth - GENESIS YM2612 / YM3438,OLED Display Color: Electric Blue; Knobs color: Rose Gold; FM YAMAHA chip: YM3438; PCB Color: Onyx Black,1,174.99,174.99,174.99,16.49,0.0,191.48,billed
170778,2019-11-05,2019-11-08,dd50226ae1a88719f0d19895c580d93ba481825a648675865e9d4a7a3c0b77a4,Greensboro,NC,27401,United States of America,DAFM synth - GENESIS YM2612 / YM3438,Knobs color: Urban Black; OLED Display Color: Moon White; FM YAMAHA chip: YM3438; PCB Color: Onyx Black,1,174.99,174.99,174.99,24.99,0.0,199.98,billed
171289,2019-11-09,2019-11-11,b4d0b31af56080f2d07f8b06da756bc581d988070befb1947766cb64d20981ca,Osnabrueck,Deutschland,49088,Germany,DAFM synth - GENESIS YM2612 / YM3438 - DIY kit,OLED Display Color: Electric Blue; FM YAMAHA chip: YM3438,1,124.99,124.99,124.99,16.49,0.0,141.48,billed
171361,2019-11-10,2019-11-12,2e79f79361d6fdfb4457f4242f401784fea9cd8815de5f6a9a31f7930f4bf52b,San Diego,CA,92127,United States of America,DAFM synth - GENESIS YM2612 / YM3438,OLED Display Color: Electric Blue; Knobs color: Urban Black; PCB Color: Pearl White; FM YAMAHA chip: YM2612,1,174.99,174.99,174.99,24.99,0.0,199.98,billed
171732,2019-11-13,2019-11-14,b942e62b2e30ff8199f02924c48fdf62d46545f5be03dee0a41906a94be30f88,Rukieten,Mecklenburg/Vorpommern,18258,Germany,DAFM synth - GENESIS YM2612 / YM3438 - DIY kit,OLED Display Color: Electric Blue; FM YAMAHA chip: YM2612,1,124.99,124.99,124.99,16.49,0.0,141.48,billed
172122,2019-11-16,2019-11-18,859162a1fe92422fddb337b1cfc2feae1e4a20bc1f28b6e74bc5aeab08caeea9,Columbus,OH,43202,United States of America,DAFM synth - GENESIS YM2612 / YM3438,Knobs color: Metallic Red; PCB Color: Office Green; OLED Display Color: Moon White; FM YAMAHA chip: YM3438,1,174.99,174.99,174.99,24.99,0.0,199.98,billed
172831,2019-11-22,2019-11-25,2bd890caea2c3cac702e55674d87e135265b6c22d00729dea90cb78ca5596c08,Warilla,New South Wales,2528,Australia,DAFM synth - GENESIS YM2612 / YM3438 - DIY kit,OLED Display Color: Moon White; FM YAMAHA chip: YM3438,1,124.99,124.99,124.99,24.99,0.0,149.98,billed
173033,2019-11-24,2019-11-26,70adfa762bc46f26ea934355437334620503c797ecd556b03495d354d07d4f77,"Royston, Barnsley",South Yorkshire,S714TE,United Kingdom,DAFM synth - GENESIS YM2612 / YM3438,OLED Display Color: Electric Blue; Knobs color: Metallic Red; PCB Color: Office Green; FM YAMAHA chip: YM3438,1,174.99,174.99,174.99,16.49,0.0,191.48,billed
173650,2019-11-28,2019-11-29,da95cf8f688e01792724a48b134e61c606481eca724d775e363df745cdf29187,Snohomish,WA,98296-7608,United States of America,DAFM synth - GENESIS YM2612 / YM3438,Knobs color: Urban Black; OLED Display Color: Moon White; PCB Color: Pearl White; FM YAMAHA chip: YM2612,1,174.99,174.99,174.99,24.99,0.0,199.98,billed
175003,2019-12-05,2019-12-10,2a07629997fa13edbbe8dee3b3099fa4719ffdb178bf7415a2484c016c6895a2,melbourne,FL,32940,United States of America,DAFM synth - GENESIS YM2612 / YM3438 - DIY kit,OLED Display Color: Electric Blue; FM YAMAHA chip: YM3438,1,124.99,124.99,124.99,24.99,0.0,149.98,billed
176079,2019-12-13,2019-12-18,655668294d82141f7af01666599a171b0443e806858abbd74418e676916c9074,Vancouver,BC,V6M 3V3,Canada,DAFM synth - GENESIS YM2612 / YM3438,Knobs color: Metallic Red; OLED Display Color: Moon White; PCB Color: Onyx Black; FM YAMAHA chip: YM2612,1,174.99,174.99,174.99,24.99,0.0,199.98,billed
176994,2019-12-20,2019-12-23,235d0d28a7cb9ffab0818d7787d0eb13b4c831569f9db7d5b7177a740b5f925b,Kingston,TN,37763-4703,United States of America,DAFM synth - GENESIS YM2612 / YM3438 - DIY kit,OLED Display Color: Electric Blue; FM YAMAHA chip: YM2612,1,124.99,124.99,124.99,24.99,0.0,149.98,billed
177940,2019-12-31,2020-01-06,95867f31caf24fdbb607bb3f87433d00a7f578d2b4b00865bbb50b497e0c38cf,Winnipeg,MB,R3R3M1,Canada,DAFM synth - GENESIS YM2612 / YM3438,Knobs color: Rose Gold; OLED Display Color: Moon White; PCB Color: Onyx Black; FM YAMAHA chip: YM2612,1,174.99,174.99,174.99,24.99,0.0,199.98,billed
179109,2020-01-08,2020-01-12,7530a99e5124c4b7ba755eb759fe8140b78f97d21703c855ba9d3bb9b3c612b6,Moscow,Moscow,115304,Russia,DAFM synth - GENESIS YM2612 / YM3438,OLED Display Color: Electric Blue; PCB Color: Onyx Black; Knobs color: Urban Black; FM YAMAHA chip: YM2612,1,174.99,174.99,174.99,24.99,0.0,199.98,billed
179266,2020-01-10,2020-01-12,fc58ac68630206c205b7fb18dcaa748a3da1e555d08820253f2dfb08a11730d1,Shirley,England,B90 4JY,United Kingdom,DAFM synth - GENESIS YM2612 / YM3438 - DIY kit,FM YAMAHA chip: YM2612,1,124.99,124.99,124.99,16.49,0.0,141.48,billed
179904,2020-01-15,,e0cdc8183d4daf54548d2f40ef22c23c6a3889f199a99599324e34a34a57d9ba,Tacoma,WA,98405,United States of America,DAFM synth - GENESIS YM2612 / YM3438,Knobs color: Urban Black; FM YAMAHA chip: YM2612; OLED Display Color: Moon White; PCB Color: Mustard Yellow,1,174.99,174.99,174.99,24.99,0.0,199.98,refunded
180028,2020-01-16,2020-01-19,c8749fa1fe9d2f3d0e4d1e1642bb726807c0745f0ef9a06fb93163ffa43237dd,MOUNT HOLLY,NJ,08060,United States of America,DAFM synth - GENESIS YM2612 / YM3438,OLED Display Color: Electric Blue; FM YAMAHA chip: YM2612; Knobs color: Rose Gold; PCB Color: Ocean Blue,1,174.99,174.99,174.99,24.99,0.0,199.98,billed
180184,2020-01-17,2020-01-20,27a04841024130f542c4ca8a5e2145414163eed0ce9c357da4b0fd39f0cc03fa,Bristol,Bristol,BS9 3TF,United Kingdom,DAFM synth - GENESIS YM2612 / YM3438,PCB Color: Onyx Black; Knobs color: Urban Black; OLED Display Color: Moon White; FM YAMAHA chip: YM3438,1,174.99,174.99,174.99,16.49,0.0,191.48,billed
180896,2020-01-24,2020-01-28,89bd8601472f865a07fe86f3eb2b421bcf2884debb6067f1d7769a05ca40a7a4,Sherman Oaks,CA,91423,United States of America,DAFM synth - GENESIS YM2612 / YM3438 - DIY kit,FM YAMAHA chip: YM2612,1,124.99,124.99,124.99,24.99,0.0,149.98,billed
180899,2020-01-24,2020-02-01,e7486c36f88c8471b92c14e22264a2a1e2d9362767d3ac98cc4267bffc421aab,Scuol,GR,7550,Switzerland,DAFM synth - GENESIS YM2612 / YM3438,PCB Color: Onyx Black; Knobs color: Urban Black; OLED Display Color: Moon White; FM YAMAHA chip: YM3438,1,174.99,174.99,174.99,24.99,0.0,199.98,billed
180976,2020-01-24,2020-02-01,59d776da6e9e4a0ef3297a824fa7d0b57790dc3cfd964f7a7b0aa321b9674da3,Málaga,AL,29011,Spain,DAFM synth - GENESIS YM2612 / YM3438,OLED Display Color: Electric Blue; FM YAMAHA chip: YM2612; PCB Color: Pearl White; Knobs color: Metallic Red,1,174.99,174.99,174.99,5.99,0.0,180.98,billed
181317,2020-01-28,2020-02-03,d1279dbb4f23adf686c0ecf8122ce51767333dc4bef5e3bac7033a1e6234629e,Vic le fesq,Langued'oc roussillon,30260,France,DAFM synth - GENESIS YM2612 / YM3438,OLED Display Color: Electric Blue; FM YAMAHA chip: YM2612; Knobs color: Metallic Red; PCB Color: Office Green,1,174.99,174.99,174.99,16.49,0.0,191.48,billed
181422,2020-01-29,2020-02-03,b7071b98489f2d6c17433c85681e138ef723e49bfd31a6488639bd8557ba4309,tosima-ku,Tokyo,171-0022,Japan,DAFM synth - GENESIS YM2612 / YM3438,OLED Display Color: Electric Blue; PCB Color: Onyx Black; FM YAMAHA chip: YM2612; Knobs color: Rose Gold,1,174.99,174.99,174.99,24.99,0.0,199.98,billed
181723,2020-01-31,2020-02-07,dc53752874892ce42b4cdc97c8a88624dc18671e412042d3481c1a4242adfce1,Columbia,MD,21044,United States of America,DAFM synth - GENESIS YM2612 / YM3438,OLED Display Color: Electric Blue; Knobs color: Urban Black; FM YAMAHA chip: YM2612; PCB Color: Ocean Blue,1,174.99,174.99,174.99,24.99,0.0,199.98,billed
181747,2020-02-01,2020-02-07,8e3cf0af2716614947ee958202bc8ffe2fcacfb7ef9e5583d2182129eed20e40,Naples,Campania,80131,Italy,DAFM synth - GENESIS YM2612 / YM3438 - DIY kit,FM YAMAHA chip: YM3438,1,124.99,124.99,124.99,16.49,0.0,141.48,billed
182266,2020-02-05,2020-02-08,6f2642a345a03cc76687d85d6cae419b6112b2f8664529ae9b62ccf38a3a94e2,Emeryville,CA,94608,United States of America,DAFM synth - GENESIS YM2612 / YM3438,FM YAMAHA chip: YM2612; OLED Display Color: Moon White; PCB Color: Pearl White; Knobs color: Rose Gold,1,174.99,174.99,174.99,24.99,0.0,199.98,billed
182723,2020-02-10,2020-02-17,6404b6b33af7f721f39910ff9cda84491ad34ef93f7f0e520494573563c20704,Houston,TX,77008,United States of America,DAFM synth - GENESIS YM2612 / YM3438,OLED Display Color: Electric Blue; FM YAMAHA chip: YM2612; PCB Color: Lust Red; Knobs color: Metallic Red,1,174.99,174.99,174.99,24.99,0.0,199.98,billed
182773,2020-02-11,2020-02-17,ee97429a3a37102bf2a3fb0d3d11a2585b6dfa2f201c472f42705687f3dbac7f,falmouth,Cornwall,TR11 5RP,United Kingdom,DAFM synth - GENESIS YM2612 / YM3438,OLED Display Color: Electric Blue; Knobs color: Urban Black; PCB Color: Pearl White; FM YAMAHA chip: YM3438,1,174.99,174.99,174.99,16.49,0.0,191.48,billed
182821,2020-02-11,2020-02-22,961cf80384d88e2698f0b7315a5c8f645420b860efd24c5c0a4d885cef98fdf2,Kawasaki-shi,Kanagawa,2110062,Japan,DAFM synth - GENESIS YM2612 / YM3438,OLED Display Color: Electric Blue; Knobs color: Urban Black; PCB Color: Pearl White; FM YAMAHA chip: YM3438,1,174.99,174.99,174.99,24.99,0.0,199.98,billed
182960,2020-02-12,2020-02-21,3fb2e55233666457c1bcc62ffaede3c3fabfcd11c5dc9dd440d7ab335f281a9b,Berlin,Berlin,13055,Germany,DAFM synth - GENESIS YM2612 / YM3438,OLED Display Color: Electric Blue; FM YAMAHA chip: YM2612; Knobs color: Metallic Red; PCB Color: Office Green,1,174.99,174.99,174.99,16.49,0.0,191.48,billed
183010,2020-02-12,2020-02-17,e712475fe3e0fd688c6056087380312e37c171f608b446c810d41773a992849e,Chicago,IL,60647,United States of America,DAFM synth - GENESIS YM2612 / YM3438 - DIY kit,FM YAMAHA chip: YM2612,1,124.99,124.99,124.99,24.99,0.0,149.98,billed
183844,2020-02-20,2020-02-22,db0026f9ebcc8aec7c99b79197d379a9c549ce95ec131c6880e6528b1041cabf,Vantaa,FI,01520,Finland,DAFM synth - GENESIS YM2612 / YM3438,PCB Color: Onyx Black; Knobs color: Urban Black; FM YAMAHA chip: YM2612; OLED Display Color: Moon White,1,199.99,199.99,199.99,16.49,0.0,216.48,billed
193505,2020-05-08,,108c224d3ef0ce006ed1e4b9b3e30e3acfb512c562d1a98c93dd6d5fed49c1b9,Shime,Fukuoka,8112202,Japan,DAFM synth - GENESIS YM2612 / YM3438,Knobs color: Urban Black; OLED Display Color: Electric Blue; FM YAMAHA chip: YM3438; PCB Color: Onyx Black,1,249.99,249.99,249.99,24.99,0.0,274.98,refunded
193511,2020-05-08,2020-05-17,9de497d1b252c649d4e77854eaf13b3c3404eee693bd343aacae32ec9caba896,Fresno,CA,93725,United States of America,DAFM synth - GENESIS YM2612 / YM3438,OLED Display Color: Moon White; Knobs color: Urban Black; FM YAMAHA chip: YM3438; PCB Color: Pearl White,1,249.99,249.99,249.99,24.99,0.0,274.98,billed
193516,2020-05-08,2020-05-11,f79788e6ab109383c9be551e661ffe34975de452437ff9295dd83a0eaba59f50,DENVER,CO,80218,United States of America,DAFM synth - GENESIS YM2612 / YM3438,OLED Display Color: Moon White; FM YAMAHA chip: YM2612; Knobs color: Metallic Red; PCB Color: Office Green,1,249.99,249.99,249.99,24.99,0.0,274.98,billed
193517,2020-05-08,2020-05-17,3d4a830235f78cdfce75e27313239f2a2b167e65e4f80d1595584e10446f8c2a,Knaresborough,Yorkshire,HG5 0DQ,United Kingdom,DAFM synth - GENESIS YM2612 / YM3438,OLED Display Color: Moon White; FM YAMAHA chip: YM2612; Knobs color: Metallic Red; PCB Color: Onyx Black,1,249.99,249.99,249.99,16.49,0.0,266.48,billed
193520,2020-05-08,2020-05-16,4ce2836bc650adc65bd198bd5a1e73e9014f5f8a6b3bc247ba6171ff4de44428,Hoofddorp,NH,2132WV,Netherlands,DAFM synth - GENESIS YM2612 / YM3438 - DIY kit,Assembly: Do-It-Yourself; FM YAMAHA chip: YM3438,1,124.99,124.99,124.99,16.49,0.0,141.48,billed
193533,2020-05-08,2020-05-16,3a51801cd20d58c04188fe69c8fa6f88edae44d9717093b5fd1a7c2852626c77,Chicago,IL,60647,United States of America,DAFM synth - GENESIS YM2612 / YM3438 - DIY kit,Assembly: Do-It-Yourself; FM YAMAHA chip: YM2612,1,124.99,124.99,124.99,24.99,0.0,149.98,billed
195600,2020-05-23,2020-05-31,ae68ac68cef04cdabf2612890d383b09d1908129bd528a6e5d7f4b7e6c36faf1,Philadelphia,PA,19148,United States of America,DAFM synth - GENESIS YM2612 / YM3438,Knobs color: Urban Black; FM YAMAHA chip: YM2612; OLED Display Color: Electric Blue; PCB Color: Onyx Black,1,249.99,249.99,249.99,24.99,0.0,274.98,billed
197407,2020-06-06,2020-06-14,63fd2816ab4548f4e3870bc774951edbfb7553d31ad4a1f9f80fd435aeed00c6,Becco - Theux,Liege,4910,Belgium,DAFM synth - GENESIS YM2612 / YM3438 - DIY kit,Assembly: Do-It-Yourself; FM YAMAHA chip: YM2612,1,124.99,124.99,124.99,16.49,0.0,141.48,billed
197410,2020-06-06,2020-06-14,e7d026f634e442bb4b4e155d809f023e21361fb943865d96cac51c8654dd3851,PRESTON,Lancashire,PR2 8NQ,United Kingdom,DAFM synth - GENESIS YM2612 / YM3438 - DIY kit,Assembly: Do-It-Yourself; FM YAMAHA chip: YM2612,1,124.99,124.99,124.99,16.49,0.0,141.48,billed
197411,2020-06-06,2020-06-14,45ec8994dcc3bd29a10b0ab0d2864163fa5ba88b66c3b474de8b92b34bad69e4,Kullaa,-,29340,Finland,DAFM synth - GENESIS YM2612 / YM3438,OLED Display Color: Electric Blue; FM YAMAHA chip: YM3438; Knobs color: Metallic Red; PCB Color: Lust Red,1,249.99,249.99,249.99,16.49,0.0,266.48,billed
197413,2020-06-06,2020-06-10,975f094b51d61d8f60cd21e46a87d1f82e8c9ae0a27aafb3c0b170df0e8c3711,Katsushika City,Tokyo,1240001,Japan,DAFM synth - GENESIS YM2612 / YM3438,OLED Display Color: Electric Blue; PCB Color: Onyx Black; Knobs color: Urban Black; FM YAMAHA chip: YM3438,1,249.99,249.99,249.99,24.99,0.0,274.98,billed
198874,2020-06-13,2020-06-16,16cc87c406335e0d9248ecc90769f263f19567c09bd21006349b1e2157d9e66c,Oakland,CA,94609,United States of America,DAFM synth - GENESIS YM2612 / YM3438,OLED Display Color: Electric Blue; PCB Color: Onyx Black; FM YAMAHA chip: YM3438; Knobs color: Metallic Red,1,249.99,249.99,249.99,24.99,0.0,274.98,billed
203673,2020-07-12,2020-07-23,3691a91adc21cfdf8b0b79a114d5576ea0aca489c168199d0907abe49a1d8b3c,Ann Arbor,MI,48103,United States of America,DAFM synth - GENESIS YM2612 / YM3438,FM YAMAHA chip: YM2612; Knobs color: Metallic Red,1,249.99,249.99,249.99,24.99,0.0,274.98,billed
203674,2020-07-12,2020-07-18,ec265ce682d1d35c77f50eebdfa93f6ce439d668fbdb96fd692cd5a7847d2e91,PHOENIX,AZ,85009,United States of America,DAFM synth - GENESIS YM2612 / YM3438 - DIY kit,Assembly: Do-It-Yourself; FM YAMAHA chip: YM3438,1,134.99,134.99,134.99,24.99,0.0,159.98,billed
203675,2020-07-12,2020-07-21,0e673af4815c8704e705b9f61222feaf4b7040d6659ac1db5a658fbaeef57d0f,Lake Orion,MI,48360,United States of America,DAFM synth - GENESIS YM2612 / YM3438,Knobs color: Urban Black; FM YAMAHA chip: YM2612,1,249.99,249.99,249.99,24.99,0.0,274.98,billed
203678,2020-07-12,2020-07-21,c2c6ed74aea7dd7af4c54c11b806d0944e8d618184deccf116d3130a3bac9f2c,Houston,TX,77023,United States of America,DAFM synth - GENESIS YM2612 / YM3438 - DIY kit,Assembly: Do-It-Yourself; FM YAMAHA chip: YM2612,1,134.99,134.99,134.99,24.99,0.0,159.98,billed
203683,2020-07-12,2020-07-21,5c3a61f34fc56e057cdfe137d886000218e52ddcff21d8c30261590995c3d58e,Norwalk,CT,06853,United States of America,DAFM synth - GENESIS YM2612 / YM3438,Knobs color: Urban Black; FM YAMAHA chip: YM2612,1,249.99,249.99,249.99,24.99,0.0,274.98,billed
203694,2020-07-12,2020-07-23,d3e0eed6c223da5f38558b7cddee4f1a886f908993a5e1ec9fa80d6617e2be48,Las Vegas,NV,89102,United States of America,DAFM synth - GENESIS YM2612 / YM3438,FM YAMAHA chip: YM2612; Knobs color: Rose Gold,1,249.99,249.99,249.99,24.99,0.0,274.98,refunded
204797,2020-07-20,,da95cf8f688e01792724a48b134e61c606481eca724d775e363df745cdf29187,Snohomish,WA,98296-7608,United States of America,DAFM synth - Upgrade KIT,Upgrade Kit: Green Pill - 128 kbytes Microcontroller & USB To Serial Converter,1,33.98,33.98,33.98,0.0,0.0,33.98,refunded
204985,2020-07-21,,16cc87c406335e0d9248ecc90769f263f19567c09bd21006349b1e2157d9e66c,Oakland,CA,94609,United States of America,DAFM synth - Upgrade KIT,Upgrade Kit: Green Pill - 128 kbytes Microcontroller & USB To Serial Converter,1,33.98,33.98,33.98,0.0,0.0,33.98,refunded
205020,2020-07-21,2020-07-25,e7486c36f88c8471b92c14e22264a2a1e2d9362767d3ac98cc4267bffc421aab,Scuol,GR,7550,Switzerland,DAFM synth - Upgrade KIT,Upgrade Kit: Green Pill - 128 kbytes Microcontroller & USB To Serial Converter,1,33.98,33.98,33.98,0.0,0.0,33.98,billed
205116,2020-07-21,2020-07-25,961cf80384d88e2698f0b7315a5c8f645420b860efd24c5c0a4d885cef98fdf2,Kawasaki-shi,Kanagawa,2110062,Japan,DAFM synth - Upgrade KIT,Upgrade Kit: Green Pill - 128 kbytes Microcontroller & USB To Serial Converter,1,33.98,33.98,33.98,0.0,0.0,33.98,billed
205486,2020-07-24,2020-07-25,61e966197b34354f8cd07e43e77dcace67318cf50cd4805cd02521fbbe9569ef,Wommelgem,Antwerp,2160,Belgium,DAFM synth - Upgrade KIT,Upgrade Kit: Green Pill - 128 kbytes Microcontroller,1,29.98,29.98,29.98,0.0,0.0,29.98,billed
205760,2020-07-25,2020-07-27,b7071b98489f2d6c17433c85681e138ef723e49bfd31a6488639bd8557ba4309,tosima-ku,Tokyo,171-0022,Japan,DAFM synth - Upgrade KIT,Upgrade Kit: Green Pill - 128 kbytes Microcontroller & USB To Serial Converter,1,33.98,33.98,33.98,0.0,0.0,33.98,billed
207682,2020-08-04,2020-08-05,b942e62b2e30ff8199f02924c48fdf62d46545f5be03dee0a41906a94be30f88,Rukieten,Mecklenburg-Vorpommern,18258,Germany,DAFM synth - Upgrade KIT,Upgrade Kit: Green Pill - 128 kbytes Microcontroller & USB To Serial Converter,1,33.98,33.98,33.98,0.0,0.0,33.98,billed
208992,2020-08-11,2020-08-12,31e71c1cf31545c598edac4141152d763474d427c8c0a7e75e295005e958c32d,Campinas,São Paulo,13098-354,Brazil,DAFM synth - Upgrade KIT,Upgrade Kit: Green Pill - 128 kbytes Microcontroller,1,99.0,99.0,99.0,0.0,0.0,99.0,billed
210381,2020-08-19,2020-08-27,a1d982b629254fdd4cf78f74d822888ab42425bfff5a0b3e325ecff953a917eb,Glasgow,Scotland,G443LL,United Kingdom,DAFM synth - GENESIS YM2612 / YM3438,Knobs color: Urban Black; FM YAMAHA chip: YM2612,1,249.99,249.99,249.99,16.49,0.0,266.48,billed
210386,2020-08-19,2020-08-27,23a5d0c8f6fcda2dee109239599114e9bd867e2b44ce278419c167451a468eb4,Porto,Porto,4000-533,Portugal,DAFM synth - GENESIS YM2612 / YM3438,FM YAMAHA chip: YM3438; Knobs color: Metallic Red,1,249.99,249.99,249.99,16.49,0.0,266.48,billed
210392,2020-08-19,2020-08-27,eb1b7a7c0e68fb8ebe55d0b912038dd00bde4b3a4bad09a629ce7c54ed32177d,Gelterkinden,BL,4460,Switzerland,DAFM synth - GENESIS YM2612 / YM3438 - DIY kit,Assembly: Do-It-Yourself; FM YAMAHA chip: YM3438,1,134.99,134.99,134.99,24.99,0.0,159.98,billed
210397,2020-08-19,2020-08-27,1bed181dbd150fe6669c61973bdf6e65ce973d92890e5266758a60608ce59395,Lithonia,GA,30058,United States of America,DAFM synth - GENESIS YM2612 / YM3438 - DIY kit,Assembly: Do-It-Yourself; FM YAMAHA chip: YM2612,1,134.99,134.99,134.99,24.99,0.0,159.98,billed
210399,2020-08-19,2020-08-27,bf2bb00664d6d26a341c1938e95f2b3ee6421e844e92d39d88c7fd1c79c26f79,Berlin,Deutschland,14055,Germany,DAFM synth - GENESIS YM2612 / YM3438 - DIY kit,Assembly: Do-It-Yourself; FM YAMAHA chip: YM2612,1,134.99,134.99,134.99,16.49,0.0,151.48,billed
210403,2020-08-19,2020-08-27,a1d82c689837f83e1f72189d3cc11339b1243405dfa9e03b936151b50a6bfde5,Auckland,Auckland,0616,New Zealand,DAFM synth - GENESIS YM2612 / YM3438,Knobs color: Urban Black; FM YAMAHA chip: YM3438,1,249.99,249.99,249.99,24.99,0.0,274.98,billed
210413,2020-08-19,2020-08-27,757f33ad9fbcf1f55a1f6420161ed88772d990bf14a1a18c152d6ca4f3fc13e4,Sarasota,FL,34238,United States of America,DAFM synth - GENESIS YM2612 / YM3438,Knobs color: Urban Black; FM YAMAHA chip: YM3438,1,249.99,249.99,249.99,24.99,0.0,274.98,billed
210570,2020-08-19,2020-08-27,d752357da851fbb585725440ea508cabf5560a12a42ba4342ac12726937b7155,Lassnitzhöhe,Steiermark,8301,Austria,DAFM synth - GENESIS YM2612 / YM3438,Knobs color: Urban Black; FM YAMAHA chip: YM2612,1,249.99,249.99,249.99,16.49,0.0,266.48,billed
216959,2020-09-22,2020-09-29,a27b37f9ddcb92bac73c37015194c3b49b6ea1dad43adf842799145db6220d60,Tver,Tverskaya oblast,170100,Russia,DAFM synth - GENESIS YM2612 / YM3438 - DIY kit,Assembly: Do-It-Yourself; FM YAMAHA chip: YM3438,1,134.99,134.99,134.99,24.99,0.0,159.98,billed
216960,2020-09-22,2020-09-29,6e1087d978c55da749037b1cfc5627fe774e84c5046f2622ec43f580a4aac844,Twyford,Berkshire,RG10 0XS,United Kingdom,DAFM synth - GENESIS YM2612 / YM3438 - DIY kit,Assembly: Do-It-Yourself; FM YAMAHA chip: YM3438,1,134.99,134.99,134.99,16.49,0.0,151.48,billed
216961,2020-09-22,2020-09-28,76139883ebc5fc9f384d2de559c68af551cede6c2fb2152d9872fd3532908498,Hamburg,Hamburg,21035,Germany,DAFM synth - GENESIS YM2612 / YM3438,FM YAMAHA chip: YM2612; Knobs color: Metallic Red,1,249.99,249.99,249.99,16.49,0.0,266.48,refunded
216963,2020-09-22,2020-09-29,cc363d382202b3623b883fbbe6fe9a031c80c2f3e9225283213730103045e20b,San Jose,CA,95112,United States of America,DAFM synth - GENESIS YM2612 / YM3438 - DIY kit,Assembly: Do-It-Yourself; FM YAMAHA chip: YM2612,1,134.99,134.99,134.99,24.99,0.0,159.98,billed
216968,2020-09-22,2020-10-04,46aeffecb43d931cb7b74add2b1178323b9e71c68523d4ea6a736b1fde65aba6,Petersham,NSW,2049,Australia,DAFM synth - GENESIS YM2612 / YM3438,Knobs color: Urban Black; FM YAMAHA chip: YM2612,1,249.99,249.99,249.99,24.99,0.0,274.98,billed
216970,2020-09-22,2020-09-29,f02c8e235124e17979c623ed7933edc873588b523eb2b713d8da885fd3f3543f,Saint Ann,MO,63074,United States of America,DAFM synth - GENESIS YM2612 / YM3438,FM YAMAHA chip: YM2612; Knobs color: Metallic Red,1,249.99,249.99,249.99,24.99,0.0,274.98,billed
216979,2020-09-22,,80a7d106a7ba6c95b22261d7efa05ed9e90456f02748e78423fac9c661c76c5a,BENTLEY,WA,6102,Australia,DAFM synth - GENESIS YM2612 / YM3438,Knobs color: Urban Black; FM YAMAHA chip: YM2612,1,249.99,249.99,249.99,24.99,0.0,274.98,refunded
217001,2020-09-22,2020-09-29,f766ea4a9e7d43aeab0559682b149532c3724b378995deab018e1c417b12f362,Montreal,QC,H2V 1J4,Canada,DAFM synth - GENESIS YM2612 / YM3438,Knobs color: Urban Black; FM YAMAHA chip: YM2612,1,249.99,249.99,249.99,24.99,0.0,274.98,billed
218546,2020-10-02,2020-10-02,0dd48a1367beb869e0f2289e143744d881e08c0446e78bad5db7e9ec47a2fb71,Torelló,CT,08570,Spain,DAFM synth - GENESIS YM2612 / YM3438,FM YAMAHA chip: YM2612; Knobs color: Rose Gold,1,249.99,249.99,249.99,5.99,0.0,255.98,billed
219779,2020-10-07,2020-10-10,66ccb0de2250fb00d4e37a7245f780c0d5010f296ee3882085aeee23fa4885f7,Lithonia,GA,30058-2913,United States of America,DAFM synth - Upgrade KIT,Upgrade Kit: USB To Serial Converter,1,14.98,14.98,14.98,0.0,0.0,14.98,billed
220003,2020-10-08,,2b399d7420dc7bc7af563099b028273c83adae8cf92fef0d4fc1b992765d109d,Columbus,WI,53925-1763,United States of America,DAFM synth - Upgrade KIT,Upgrade Kit: Green Pill - 128 kbytes Microcontroller & USB To Serial Converter,1,33.98,33.98,33.98,0.0,0.0,33.98,refunded
222671,2020-10-20,2020-10-22,5888bd6f754cd71b3e774b42867eaf9d4747aae158fa336fe058c5d6ad429c8a,Paris,Ile de france,75014,France,DAFM synth - GENESIS YM2612 / YM3438 - DIY kit,Assembly: Do-It-Yourself; FM YAMAHA chip: YM3438,1,144.99,144.99,144.99,16.49,0.0,161.48,billed
222672,2020-10-20,2020-10-22,56f9286bdabee6611afe4763ccd812e61cc3e1a6097715aac84b9ef35f599ded,Royal Oak,MI,48073-2919,United States of America,DAFM synth - GENESIS YM2612 / YM3438 - DIY kit,Assembly: Do-It-Yourself; FM YAMAHA chip: YM3438,1,144.99,144.99,144.99,24.99,0.0,169.98,billed
222679,2020-10-20,2020-10-22,47f6ce167e0f47788a2fd5d8279af1b125d5e921d9df678cf0ed9d7f8ac1187b,Wattens,Tirol,6112,Austria,DAFM synth - GENESIS YM2612 / YM3438 - DIY kit,Assembly: Do-It-Yourself; FM YAMAHA chip: YM2612,1,144.99,144.99,144.99,16.49,0.0,161.48,billed
222701,2020-10-20,2020-10-25,9a2c09493267504428f4734af91818d0bea752aefff67d14e00119ea40d629b4,Colchester,Essex,CO2 8QS,United Kingdom,DAFM synth - GENESIS YM2612 / YM3438,Knobs color: Urban Black; FM YAMAHA chip: YM2612,1,249.99,249.99,249.99,16.49,0.0,266.48,billed
222771,2020-10-20,2020-10-25,1f54da36c55dd05b20952044217e214ef3d052c2797a4648fc1e10900ce64afb,Batavia,IL,60510-1143,United States of America,DAFM synth - GENESIS YM2612 / YM3438,Knobs color: Metallic Red; FM YAMAHA chip: YM3438,1,249.99,249.99,249.99,24.99,0.0,274.98,billed
224583,2020-10-29,2020-11-04,42e832a52ab7da0a5fba047fc4950d64a5262db0aafacc9993d28ca6c86e20f5,Fresno,CA,93725-0928,United States of America,DAFM synth - Upgrade KIT,Upgrade Kit: Green Pill - 128 kbytes Microcontroller & USB To Serial Converter,1,33.98,33.98,33.98,0.0,0.0,33.98,billed
224601,2020-10-29,2020-11-04,31a838cb946bb57b5a51528b81d04d1cc1d92597ce2a4fafbbb9842654598112,Egg Harbor Township,NJ,08234-4929,United States of America,DAFM synth - GENESIS YM2612 / YM3438 - DIY kit,USB to Serial Adapter for future firmware upgrades: Not included; FM YAMAHA chip: YM2612; Assembly: Fully Assembled,1,199.99,199.99,199.99,24.99,0.0,224.98,billed
224609,2020-10-29,2020-11-04,936b9ea40eaac2dbcae5da15c13e0cb5bcc1aea315dc8890a1c17b98ff5b3d50,Berlin,Berlin,12439,Germany,DAFM synth - GENESIS YM2612 / YM3438 - DIY kit,Assembly: Do-It-Yourself; FM YAMAHA chip: YM2612; USB to Serial Adapter for future firmware upgrades: Included,1,159.98,159.98,159.98,16.49,0.0,176.47,billed
224612,2020-10-29,2020-11-04,8f070cfaa946c1132dfeaf28776a6f1b2bf99c0292a3005c3ede93d48503e637,Bristol,Gloucestershire,BS16 3DQ,United Kingdom,DAFM synth - GENESIS YM2612 / YM3438 - DIY kit,Assembly: Do-It-Yourself; USB to Serial Adapter for future firmware upgrades: Not included; FM YAMAHA chip: YM3438,1,149.99,149.99,149.99,16.49,0.0,166.48,billed
225664,2020-11-03,2020-11-06,80a7d106a7ba6c95b22261d7efa05ed9e90456f02748e78423fac9c661c76c5a,WELSHPOOL,WA,6106,Australia,DAFM synth - GENESIS YM2612 / YM3438,Knobs color: Urban Black; FM YAMAHA chip: YM3438,1,249.99,249.99,249.99,90.0,0.0,339.99,billed
225702,2020-11-04,2020-11-06,f56d785506ad517c5713482ea1c4de8e9eaf6babd2308a02855238bb6286f685,Newark,DE,19711-2572,United States of America,DAFM synth - GENESIS YM2612 / YM3438,Knobs color: Urban Black; FM YAMAHA chip: YM2612,1,249.99,224.99,224.99,24.99,25.0,249.98,billed
225728,2020-11-04,2020-11-06,e3d5bb3336709cf564d3005fa48a9f0fc3a013045b7f834d70c63d55bee5f1ed,Hochstadt,RLP,76879,Germany,DAFM synth - GENESIS YM2612 / YM3438,FM YAMAHA chip: YM3438; Knobs color: Metallic Red,1,249.99,224.99,224.99,16.49,25.0,241.48,billed
228067,2020-11-17,2020-11-23,453102df8de6fe2bf478d911cddc522de2e9d7fa30a89a60758b214ab1a13677,Philadelphia,PA,19143,United States of America,DAFM synth - GENESIS YM2612 / YM3438,Knobs color: Metallic Red; FM YAMAHA chip: YM2612,1,249.99,224.99,224.99,24.99,25.0,249.98,billed
228144,2020-11-17,2020-11-23,5c2ac6a38e1be061cbdd149f81b389760768693b0949bfa315fae6ce2e4b4c63,Krefeld,NRW,47802,Germany,DAFM synth - GENESIS YM2612 / YM3438,Knobs color: Urban Black; FM YAMAHA chip: YM2612,1,249.99,224.99,224.99,16.49,25.0,241.48,billed
228155,2020-11-17,2020-11-23,61d780b0dc330f4a918672c401232e86f31cda877be1e6a452bcb01ff7bab4bb,Hachiouji-shi,Tokyo,1930933,Japan,DAFM synth - GENESIS YM2612 / YM3438,FM YAMAHA chip: YM3438; Knobs color: Rose Gold,1,249.99,224.99,224.99,24.99,25.0,249.98,billed
229428,2020-11-20,2020-11-27,2adde585abcfbde17eb1c5cf6be1eee13c21c6e724c369a6681a66f2f44cf4f8,Linz,Upper Austria,4040,Austria,DAFM synth - GENESIS YM2612 / YM3438 - DIY kit,Assembly: Do-It-Yourself; USB to Serial Adapter for future firmware upgrades: Included; FM YAMAHA chip: YM3438,1,159.98,159.98,159.98,16.49,0.0,176.47,billed
229430,2020-11-20,2020-11-27,30e89adf7377c27d0be9c6e011dd6742778a258a172308b5e480daa39974d804,Montreal,QC,H2J 3J7,Canada,DAFM synth - GENESIS YM2612 / YM3438 - DIY kit,Assembly: Do-It-Yourself; USB to Serial Adapter for future firmware upgrades: Not included; FM YAMAHA chip: YM2612,1,149.99,149.99,149.99,24.99,0.0,174.98,billed
229477,2020-11-20,2020-11-27,d3e192fdb3dad8cf0f255e6fb5f6a4d9fc7e0b31d11c4b4c53006d4ff1fff224,Le Teich,Aquitaine,33470,France,DAFM synth - GENESIS YM2612 / YM3438 - DIY kit,Assembly: Do-It-Yourself; USB to Serial Adapter for future firmware upgrades: Not included; FM YAMAHA chip: YM2612,1,149.99,149.99,149.99,16.49,0.0,166.48,billed
231688,2020-11-29,2020-12-07,5d246916fc0ef60d760a4284264cb2e84cd02738bf0c219b856c84c1a59ded9c,matudo,chiba,2602261,Japan,DAFM synth - ARCADE YM2151,Knobs color: Urban Black,1,249.99,249.99,249.99,24.99,0.0,274.98,billed
234396,2020-12-09,2020-12-12,fae808f53803997abaae6d1b327b12602412a20d430a77eb18510555fb6b2ca0,Concord,CA,94521-4207,United States of America,DAFM synth - ARCADE YM2151,Knobs color: Urban Black,1,249.99,249.99,249.99,24.99,0.0,274.98,billed
235325,2020-12-13,2020-12-20,81d9cf24f7ac51edfd466467d6adc5d887dd6bf80b8faa06f2b4ae10a0d3e5f3,London,London,W3 7AW,United Kingdom,DAFM synth - GENESIS YM2612 / YM3438,Knobs color: Urban Black; FM YAMAHA chip: YM3438,1,249.99,249.99,249.99,16.49,0.0,266.48,billed
235336,2020-12-13,2020-12-20,ec7a155ec5a8e6779fe73f6153efe69adb6b3f271cc9d11dcd632bf86f76583c,Los Angeles,CA,90041-3413,United States of America,DAFM synth - GENESIS YM2612 / YM3438,Knobs color: Urban Black; FM YAMAHA chip: YM2612,1,249.99,249.99,249.99,24.99,0.0,274.98,billed
235368,2020-12-13,2020-12-20,e83901328e26d2f706b41cc2d16825fa528d77fb9e8db683dc6480f835caadb1,Reno,NV,89502-5373,United States of America,DAFM synth - Upgrade KIT,Upgrade Kit: Green Pill - 128 kbytes Microcontroller & USB To Serial Converter,1,33.98,33.98,33.98,0.0,0.0,33.98,billed
235394,2020-12-13,2020-12-20,5bc7e0e0f5ff854bfb6a5bde9790af93d15ff386863c371f8f6b122fd58e4f66,Kawasaki,Kanagawa,2150022,Japan,DAFM synth - GENESIS YM2612 / YM3438,Knobs color: Metallic Red; FM YAMAHA chip: YM2612,1,249.99,249.99,249.99,24.99,0.0,274.98,billed
235588,2020-12-14,2020-12-20,fc7799bbdd95b92d83288e9063128cd625070e6b45ccea58023966b44cf262b2,Tokyo,,1580082,Japan,DAFM synth - ARCADE YM2151,Knobs color: Metallic Red,1,249.99,249.99,249.99,24.99,0.0,274.98,refunded
236201,2020-12-17,2020-12-20,30e89adf7377c27d0be9c6e011dd6742778a258a172308b5e480daa39974d804,Montreal,QC,H2J 3J7,Canada,DAFM synth - Upgrade KIT,Upgrade Kit: USB To Serial Converter,1,14.98,14.98,14.98,0.0,0.0,14.98,billed
236266,2020-12-17,2020-12-20,45ec8994dcc3bd29a10b0ab0d2864163fa5ba88b66c3b474de8b92b34bad69e4,Kullaa,-,29340,Finland,DAFM synth - Upgrade KIT,Upgrade Kit: USB To Serial Converter,1,14.98,14.98,14.98,0.0,0.0,14.98,billed
239280,2021-01-06,2021-01-11,fc7799bbdd95b92d83288e9063128cd625070e6b45ccea58023966b44cf262b2,Tokyo,,1580082,Japan,DAFM synth - GENESIS YM2612 / YM3438,Knobs color: Urban Black; FM YAMAHA chip: YM2612,1,249.99,249.99,249.99,24.99,0.0,274.98,billed
239281,2021-01-06,2021-01-11,757f33ad9fbcf1f55a1f6420161ed88772d990bf14a1a18c152d6ca4f3fc13e4,Sarasota,FL,34238-2631,United States of America,DAFM synth - GENESIS YM2612 / YM3438,Knobs color: Urban Black; FM YAMAHA chip: YM3438,1,249.99,249.99,249.99,24.99,0.0,274.98,billed
239284,2021-01-06,2021-01-15,60b8c4ba9b27e5220d08489ea9c29fdafae1a44566151b3ae78aa7b288e4c547,Coral Gables,FL,33146-2738,United States of America,DAFM synth - GENESIS YM2612 / YM3438,FM YAMAHA chip: YM2612; Knobs color: Rose Gold,1,249.99,249.99,249.99,24.99,0.0,274.98,billed
242794,2021-01-22,2021-01-24,757f33ad9fbcf1f55a1f6420161ed88772d990bf14a1a18c152d6ca4f3fc13e4,Sarasota,FL,34238-2631,United States of America,DAFM synth - ARCADE YM2151,Knobs color: Urban Black,1,249.99,249.99,249.99,24.99,0.0,274.98,billed
243068,2021-01-23,2021-01-26,08f3e29e7755f2e4df2d4859d43d9d4b7ad309a72c9166f9db4359eef394cce3,Tempe,AZ,85281-6607,United States of America,DAFM synth - GENESIS YM2612 / YM3438,Knobs color: Urban Black; FM YAMAHA chip: YM3438,1,249.99,249.99,249.99,24.99,0.0,274.98,billed
243116,2021-01-24,2021-01-26,6799505dce47a2c3a8627649f4ca442265d9fb016fd13e3587cb9410a0f8a2ae,Portland,OR,97214-4529,United States of America,DAFM synth - ARCADE YM2151,Knobs color: Metallic Red,1,249.99,249.99,249.99,24.99,0.0,274.98,billed
243257,2021-01-24,2021-01-30,ffb262c3feda7513a96fe1d4a5070364df15d673eb5071dc24f2380e33937450,Baldwin Park,CA,91706,United States of America,DAFM synth - ARCADE YM2151,Knobs color: Urban Black,1,249.99,249.99,249.99,24.99,0.0,274.98,billed
243351,2021-01-25,2021-01-30,cbc2108d8e530505f32b89a5463a2643457b97ff627e65e82b05fee3519a3196,Portland,OR,97229-1150,United States of America,DAFM synth - GENESIS YM2612 / YM3438,FM YAMAHA chip: YM3438; Knobs color: Metallic Red,1,249.99,249.99,249.99,24.99,0.0,274.98,billed
244188,2021-01-30,2021-01-31,65b2661d0633c2084613fdc4ccdb45955c49c906f82ed7b7f2eedf75238d5d9b,West Babylon,NY,11704,United States of America,DAFM synth - GENESIS YM2612 / YM3438,"Knobs color: Urban Black; FM YAMAHA chip: [Caution] YM2612, current FW version, former Green PCB model, microUSB, lower refresh rate displays",1,174.99,174.99,174.99,24.99,0.0,199.98,billed
245679,2021-02-07,2021-02-11,e610a73660101fc11d4157afb84b3205204fb6bda57fd55852f57c669c53dbda,Weilmuenster,Hessen,35789,Germany,DAFM synth - GENESIS YM2612 / YM3438 - DIY kit,Assembly: Do-It-Yourself; USB to Serial Adapter for future firmware upgrades: Not included; FM YAMAHA chip: YM3438,1,149.99,149.99,149.99,16.49,0.0,166.48,billed
245680,2021-02-07,2021-02-11,baba9e354ba14f59803e154c4d44a70c5e24ca3d8e907d1f8ff252c968da99e7,Freiburg,Baden-Wuerttemberg,79111,Germany,DAFM synth - GENESIS YM2612 / YM3438 - DIY kit,Assembly: Do-It-Yourself; USB to Serial Adapter for future firmware upgrades: Not included; FM YAMAHA chip: YM2612,1,149.99,149.99,149.99,16.49,0.0,166.48,billed
245683,2021-02-07,2021-02-11,b3211b0a464754607a73e3391dec7443644e7eac2cd2a8ba82d01881d851ed84,Munich,Bavaria,81477,Germany,DAFM synth - GENESIS YM2612 / YM3438 - DIY kit,Assembly: Do-It-Yourself; USB to Serial Adapter for future firmware upgrades: Included; FM YAMAHA chip: YM3438,1,159.98,159.98,159.98,16.49,0.0,176.47,billed
247574,2021-02-19,2021-02-22,604d763a54bbb2affa2a56f7e893a692551ff4268ac09644af11800b168b3c12,Umeå,Västerbotten,90332,Sweden,DAFM synth - ARCADE YM2151,Knobs color: Metallic Red,1,249.99,249.99,249.99,16.49,0.0,266.48,billed
247587,2021-02-20,2021-02-22,f8422871d3c438c8f6ab3a35702c3a04f630571f583e14a6104d8c97edf6c1de,Saint Ybars,Ariège,09210,France,DAFM synth - ARCADE YM2151,Knobs color: Metallic Red,1,249.99,249.99,249.99,16.49,0.0,266.48,billed
248774,2021-02-25,2021-02-27,757f33ad9fbcf1f55a1f6420161ed88772d990bf14a1a18c152d6ca4f3fc13e4,Sarasota,FL,34238-2631,United States of America,DAFM synth - ARCADE YM2151,Knobs color: Urban Black,1,249.99,249.99,249.99,24.99,0.0,274.98,billed
250795,2021-03-08,2021-03-10,f5b45671475032d6c574631fae3db9782bfeb1c67623628d3b307c9f5e0a5dd4,Lakewood,CA,90715-1316,United States of America,DAFM synth - ARCADE YM2151,Knobs color: Metallic Red,1,259.99,259.99,259.99,24.99,0.0,284.98,billed
251991,2021-03-12,2021-03-16,2b9419d5522b6cf7f0fcb0ecc7ab0941993fe64bf24cc10c8bfa5d4754aa1deb,Seattle,WA,98116-3351,United States of America,DAFM synth - GENESIS YM2612 / YM3438 - DIY kit,Assembly: Do-It-Yourself; USB to Serial Adapter for future firmware upgrades: Included; FM YAMAHA chip: YM3438,1,169.98,169.98,169.98,24.99,0.0,194.97,billed
252038,2021-03-13,2021-03-16,5e565ad5f8ebd663b7f0e404c8c74a0d86dd2519a3faec96001329057b85f5c6,Alsdorf,RLP,57518,Germany,DAFM synth - GENESIS YM2612 / YM3438 - DIY kit,Assembly: Do-It-Yourself; USB to Serial Adapter for future firmware upgrades: Not included; FM YAMAHA chip: YM3438,1,159.99,159.99,159.99,16.49,0.0,176.48,billed
252039,2021-03-13,2021-03-16,8158788b252383e8f24ae056fe7798248feb476bed32828a687308376e4c85c1,Nuernberg,bayern,90427,Germany,DAFM synth - GENESIS YM2612 / YM3438 - DIY kit,Assembly: Do-It-Yourself; USB to Serial Adapter for future firmware upgrades: Not included; FM YAMAHA chip: YM3438,1,159.99,159.99,159.99,16.49,0.0,176.48,billed
252061,2021-03-13,2021-03-16,9c7403808ef2a135ea8d232c38be5b0b28cdb51c8aea07a779010ca6c72aeae8,Portsmouth,England,PO6 2PL,United Kingdom,DAFM synth - GENESIS YM2612 / YM3438 - DIY kit,Assembly: Do-It-Yourself; USB to Serial Adapter for future firmware upgrades: Not included; FM YAMAHA chip: YM3438,1,159.99,159.99,159.99,24.99,0.0,184.98,billed
252225,2021-03-14,2021-03-16,4f2b8be096a9097ce0882c25089ec03a739103c0b3efdefa7e5e0fe1d04c437b,San Francisco,CA,94117-1183,United States of America,DAFM synth - GENESIS YM2612 / YM3438 - DIY kit,Assembly: Do-It-Yourself; USB to Serial Adapter for future firmware upgrades: Included; FM YAMAHA chip: YM3438,1,169.98,169.98,169.98,24.99,0.0,194.97,billed
252304,2021-03-14,2021-03-16,5ea9c5c276ef634790001bc53f1ba1425699b9ed4a826ae45a564c0e467c76af,Seattle,WA,98105-6443,United States of America,DAFM synth - GENESIS YM2612 / YM3438,Knobs color: Urban Black; FM YAMAHA chip: YM3438,1,259.99,259.99,259.99,24.99,0.0,284.98,billed
252708,2021-03-16,2021-03-17,fb7b7a0cb885005df9d65f66934a6a0660ede5cbc87738b2de8593ce46591e3b,Fort Wayne,IN,46825-4318,United States of America,DAFM synth - GENESIS YM2612 / YM3438,FM YAMAHA chip: YM3438; Knobs color: Metallic Red,1,259.99,259.99,259.99,24.99,0.0,284.98,billed
253004,2021-03-17,2021-03-18,654e60b774ad36b35e12b881279cf0dc6394d50f4658d7af8dcbaf6c2c024e70,Elmshorn,Schleswig-Holstein,25337,Germany,DAFM synth - GENESIS YM2612 / YM3438,FM YAMAHA chip: YM3438; Knobs color: Metallic Red,1,259.99,259.99,259.99,16.49,0.0,276.48,billed
254966,2021-03-29,2021-04-05,a0c445b9064543fd1ec7ddcfd2fc3590f886272b3147905085fed4637e4bcaad,Lethbridge,AB,T1J4X8,Canada,DAFM synth - ARCADE YM2151,Knobs color: Metallic Red,1,259.99,259.99,259.99,24.99,0.0,284.98,billed
256126,2021-04-03,2021-04-07,7e0a3e445c2e165b164b20375750818514f4c55fae9dfa60596b58434813b58f,Phoenix,AZ,85009-5108,United States of America,DAFM synth - ARCADE YM2151,Knobs color: Rose Gold,1,259.99,259.99,259.99,24.99,0.0,299.96,billed
256126,2021-04-03,,9b2d5b4678781e53038e91ea5324530a03f27dc1d0e5f6c9bc9d493a23be9de0,,,,,DAFM synth - Upgrade KIT,Upgrade Kit: USB To Serial Converter,1,14.98,14.98,14.98,,,,billed
256136,2021-04-03,2021-04-07,24a97e5361cca178289b8911a1a870ba4a6699992dd1f257afd3a25aceb8fa86,Cedarburg,WI,53012-1441,United States of America,DAFM synth - ARCADE YM2151,Knobs color: Rose Gold,1,259.99,259.99,259.99,24.99,0.0,284.98,billed
260331,2021-04-23,2021-04-27,659ef4f065648aa935d5f48cb65398504b626e9ee142616324b1b3f878b161fc,Moscow,Moscow,107065,Russia,DAFM synth - GENESIS YM2612 / YM3438 - DIY kit,Assembly: Do-It-Yourself; USB to Serial Adapter for future firmware upgrades: Included; FM YAMAHA chip: YM3438,1,169.98,169.98,169.98,24.99,0.0,194.97,billed
260587,2021-04-25,2021-04-27,63fdf8578fba440e7c978e85c3b9e8f1d3158474321c991337e371265c492a28,Upper Arlington,OH,43220-3070,United States of America,DAFM synth - GENESIS YM2612 / YM3438,Knobs color: Metallic Red; FM YAMAHA chip: YM2612,1,259.99,259.99,259.99,24.99,0.0,284.98,billed
260654,2021-04-25,2021-05-02,b0a924f760ecab253e4ff4e46d8566bfcb8939f8b1c0870baad76bfcaa67f2ea,Sacramento,CA,95827-2472,United States of America,DAFM synth - GENESIS YM2612 / YM3438,FM YAMAHA chip: YM3438; Knobs color: Metallic Red,1,259.99,259.99,259.99,24.99,0.0,284.98,billed
261360,2021-04-28,2021-05-02,6c9509162976dc640ff232283affc522f04b0425ad2171a510115f67bd0321a3,Trieste,Trieste,34149,Italy,DAFM synth - GENESIS YM2612 / YM3438,Knobs color: Urban Black; FM YAMAHA chip: YM3438,1,259.99,259.99,259.99,16.49,0.0,276.48,billed
261617,2021-04-29,2021-05-02,0c628ef650442b25ce93dd80fcf8ad3567da00dcfedc0b7d93fd7773cf5a1998,Kellyville,OK,74039-0121,United States of America,DAFM synth - GENESIS YM2612 / YM3438 - DIY kit,Assembly: Do-It-Yourself; USB to Serial Adapter for future firmware upgrades: Included; FM YAMAHA chip: YM3438,1,169.98,169.98,169.98,24.99,0.0,194.97,billed
261790,2021-04-30,2021-05-02,5a7efc099b17106c1db274192512e02be383689916339b0a05467521fe053a7f,N Charleston,SC,29405-6736,United States of America,DAFM synth - ARCADE YM2151,Knobs color: Metallic Red,1,259.99,259.99,259.99,24.99,0.0,284.98,billed
262621,2021-05-04,2021-05-07,bd834dfd9ad551019346ac6f6d02c8c27d391273cc49250b072009ab4e5dc18b,San Ysidro,CA,92173-3121,United States of America,DAFM synth - GENESIS YM2612 / YM3438 - DIY kit,Assembly: Do-It-Yourself; USB to Serial Adapter for future firmware upgrades: Not included; FM YAMAHA chip: YM3438,1,159.99,159.99,159.99,24.99,0.0,184.98,billed
263067,2021-05-07,2021-05-10,b357c1e7ef171192a9ba3847e27f1669e278aa0befccfd11cca7308044e997e7,Cremlingen,nds,38162,Germany,DAFM synth - GENESIS YM2612 / YM3438 - DIY kit,Assembly: Do-It-Yourself; USB to Serial Adapter for future firmware upgrades: Not included; FM YAMAHA chip: YM3438,1,159.99,159.99,159.99,16.49,0.0,176.48,billed
264225,2021-05-12,2021-05-18,542d6e1fb001dd3560a473152b95f83c8842a1f113afc23391d579dd93052a86,Ottawa,ON,K1Z 5N4,Canada,DAFM synth - GENESIS YM2612 / YM3438,Knobs color: Urban Black; FM YAMAHA chip: YM3438,1,259.99,259.99,259.99,24.99,0.0,284.98,billed
264226,2021-05-12,,65518f673f0f0ee95524bbfac829fac90915a87b89fe923155080b81621f5fc9,Brighton,East Sussex,BN21FH,United Kingdom,DAFM synth - GENESIS YM2612 / YM3438,Knobs color: Urban Black; FM YAMAHA chip: YM3438,1,259.99,259.99,259.99,24.99,0.0,284.98,refunded
264246,2021-05-12,2021-05-18,2a4471b5879760c9dacb7a1a950233419dfd92f1a16d8a36b2fcac25e134528a,Berlin,Berlin,13349,Germany,DAFM synth - GENESIS YM2612 / YM3438,FM YAMAHA chip: YM2612; Knobs color: Rose Gold,1,259.99,259.99,259.99,16.49,0.0,276.48,billed
264585,2021-05-15,2021-05-18,efef83045626557e4361e72ff95511e4d00ed17605b856eff76286a8d2f87665,Climax,MI,49034-9720,United States of America,DAFM synth - GENESIS YM2612 / YM3438,Knobs color: Urban Black; FM YAMAHA chip: YM3438,1,259.99,259.99,259.99,24.99,0.0,284.98,billed
267314,2021-05-26,2021-05-31,804f71392fa0217a5cad3194efb9ef78e92bc3f0fd3ada6c676061c432c8da5b,Boulder,CO,80304-2820,United States of America,DAFM synth - Upgrade KIT,Upgrade Kit: USB To Serial Converter,1,14.98,14.98,14.98,0.0,0.0,14.98,billed
267468,2021-05-27,2021-06-02,6404b6b33af7f721f39910ff9cda84491ad34ef93f7f0e520494573563c20704,Houston,TX,77035-3017,United States of America,DAFM synth - ARCADE YM2151,Knobs color: Metallic Red,1,259.99,259.99,259.99,24.99,0.0,284.98,billed
267469,2021-05-27,2021-06-05,ee97429a3a37102bf2a3fb0d3d11a2585b6dfa2f201c472f42705687f3dbac7f,Falmouth,Cornwall,TR115RP,United Kingdom,DAFM synth - ARCADE YM2151,Knobs color: Metallic Red,1,259.99,259.99,259.99,24.99,0.0,284.98,billed
267893,2021-05-30,2021-06-06,04dc33d3e53a30be927e33fedee9a25dcbd7ecaf3ad00165a722ba72bffaae1c,Osaka,Osaka-shi,5310072,Japan,DAFM synth - ARCADE YM2151,Knobs color: Metallic Red,1,259.99,259.99,259.99,24.99,0.0,284.98,billed
270066,2021-06-10,2021-06-14,6d3348fb1631d9c5451425d42db523572f004d468f92fa2d5a13aeab722a8d03,East Elmhurst,NY,11370-1207,United States of America,DAFM synth - GENESIS YM2612 / YM3438,Knobs color: Urban Black; FM YAMAHA chip: YM2612,1,259.99,259.99,259.99,24.99,0.0,284.98,billed
270070,2021-06-10,2021-06-14,04dc33d3e53a30be927e33fedee9a25dcbd7ecaf3ad00165a722ba72bffaae1c,Osaka,Osaka-shi,5310072,Japan,DAFM synth - GENESIS YM2612 / YM3438,Knobs color: Urban Black; FM YAMAHA chip: YM3438,1,259.99,259.99,259.99,24.99,0.0,284.98,billed
270071,2021-06-10,2021-06-14,b812da72bd2c416080583256299d30e3784c96b9d827a8dfce7803b2cacc1d5a,Weston,CT,06883-1922,United States of America,DAFM synth - GENESIS YM2612 / YM3438,FM YAMAHA chip: YM3438; Knobs color: Metallic Red,1,259.99,259.99,259.99,24.99,0.0,284.98,billed
271289,2021-06-17,2021-06-23,1c67092ab3380803ec12211f8c471bfd9ee1306e194dcfd05f81a30eb544e729,Savage,MN,55378-2902,United States of America,DAFM synth - GENESIS YM2612 / YM3438,Knobs color: Metallic Red; FM YAMAHA chip: YM2612,1,259.99,259.99,259.99,24.99,0.0,284.98,billed
272269,2021-06-22,2021-06-28,ee97429a3a37102bf2a3fb0d3d11a2585b6dfa2f201c472f42705687f3dbac7f,Falmouth,Cornwall,TR115RP,United Kingdom,DAFM synth - GENESIS YM2612 / YM3438,Knobs color: Urban Black; FM YAMAHA chip: YM3438,1,259.99,259.99,259.99,24.99,0.0,284.98,billed
273067,2021-06-27,2021-07-04,282d479d1a4b65f3df32489a6f7121bb885ab860298fa28ff56f80e82f572143,Plymouth,MI,48170-3623,United States of America,DAFM synth - ARCADE YM2151,Knobs color: Urban Black,1,259.99,259.99,259.99,24.99,0.0,284.98,billed
273072,2021-06-27,2021-07-04,6d3348fb1631d9c5451425d42db523572f004d468f92fa2d5a13aeab722a8d03,East Elmhurst,NY,11370-1207,United States of America,DAFM synth - ARCADE YM2151,Knobs color: Metallic Red,1,259.99,259.99,259.99,24.99,0.0,284.98,billed
273076,2021-06-27,2021-07-04,d70ca1ba2f398201dd5f0bb1e6913fa4bd6fb2d4f96359ab99812c6b96da4c44,Tualatin,OR,97062,United States of America,DAFM synth - ARCADE YM2151,Knobs color: Urban Black,1,259.99,259.99,259.99,24.99,0.0,284.98,billed
273336,2021-06-29,2021-07-04,b7c9028a95c5b025301ae29dacdc786ff8dab8a20cfa21ad8db6cc41b6e5d246,Bradenton,FL,34212-2667,United States of America,DAFM synth - GENESIS YM2612 / YM3438,FM YAMAHA chip: YM2612; Knobs color: Rose Gold,1,259.99,259.99,259.99,24.99,0.0,284.98,billed
275837,2021-07-14,2021-07-19,6967a4eb0e73b91ba69f0a4f66104e06add87df331c9c61d347cef6fa9088290,Indianapolis,IN,46203-3604,United States of America,DAFM synth - GENESIS YM2612 / YM3438,Knobs color: Metallic Red; FM YAMAHA chip: YM2612,1,274.98,274.98,274.98,24.99,0.0,299.97,billed
276021,2021-07-16,2021-07-19,1aecc597f36db9e527bd3fd0297806da526319921a5e2fb221840799baa7ce5a,Ilmenau,Thuringia,98693,Germany,DAFM synth - GENESIS YM2612 / YM3438,Knobs color: Urban Black; FM YAMAHA chip: YM3438,1,259.99,259.99,259.99,16.49,0.0,276.48,billed
276366,2021-07-18,2021-07-19,a18b5aeba0037086415b86ce93becedc21d3efc0b7396f7b78225d76b0c4c6b3,Raleigh,NC,27601-2083,United States of America,DAFM synth - GENESIS YM2612 / YM3438,Knobs color: Urban Black; FM YAMAHA chip: YM3438,1,259.99,259.99,259.99,24.99,0.0,284.98,billed
278920,2021-08-04,2021-08-10,c35ef881eaddf9f64b7cfb3a4c8ae0f8656760ad97221b7c446107122ca3549b,Homewood,IL,60430-2907,United States of America,DAFM synth - GENESIS YM2612 / YM3438,Knobs color: Metallic Red; FM YAMAHA chip: YM2612,1,274.98,274.98,274.98,24.99,0.0,299.97,billed
278921,2021-08-04,2021-08-10,f5994b0d5447b5dcc09bbdd0dc6571602661d01e6bbbd147e438d1b91760a18b,Dillon,CO,80435,United States of America,DAFM synth - GENESIS YM2612 / YM3438 - DIY kit,Assembly: Do-It-Yourself; FM YAMAHA chip: YM3438; USB to Serial Adapter for future firmware upgrades: Included,1,169.98,169.98,169.98,24.99,0.0,194.97,billed
278926,2021-08-04,2021-08-10,d90e1240a7ec940f6edcbc767d590af805fdd1030248168cc3f7e7bff8e18713,Zwijndrecht,Zuid-Holland,3332HX,Netherlands,DAFM synth - GENESIS YM2612 / YM3438 - DIY kit,Assembly: Do-It-Yourself; USB to Serial Adapter for future firmware upgrades: Included; FM YAMAHA chip: YM2612,1,184.97,184.97,184.97,16.49,0.0,201.46,billed
278928,2021-08-04,2021-08-10,ffb0fb1b1f7edf78467cdb8a1277d70d0cc9b5bdd1ff9f2d20f48967e2f0c617,Chicago,IL,60647-4998,United States of America,DAFM synth - GENESIS YM2612 / YM3438 - DIY kit,Assembly: Do-It-Yourself; USB to Serial Adapter for future firmware upgrades: Not included; FM YAMAHA chip: YM3438,1,159.99,159.99,159.99,24.99,0.0,184.98,billed
279246,2021-08-06,2021-08-10,ee1e4635a18eb2c053aa7ec1b0e145ed99eb80944534e1665fb295d713a8e067,Cazadero,CA,95421-9665,United States of America,DAFM synth - GENESIS YM2612 / YM3438,Knobs color: Urban Black; FM YAMAHA chip: YM3438,1,259.99,259.99,259.99,24.99,0.0,284.98,billed
279982,2021-08-11,2021-08-19,604d763a54bbb2affa2a56f7e893a692551ff4268ac09644af11800b168b3c12,Umeå,Västerbotten,90332,Sweden,DAFM synth - BLASTER YMF262 (OPL3),Knobs color: Silver Gray,1,259.99,259.99,259.99,16.49,0.0,276.48,billed
282149,2021-08-23,2021-08-31,a0f3ec0816facc80a100d5da8608daae5b54ae7c9f802d162697e2dd2b7640ce,Saint-Ybars,occitanie,09210,France,DAFM synth - BLASTER YMF262 (OPL3),Knobs color: Silver Gray,1,259.99,259.99,259.99,16.49,0.0,276.48,billed
282273,2021-08-24,2021-08-31,1074da92ab60b1aa2f13d07938a199ddf70a25a6dcfd998d59bfcc3bbb855354,Rennes,Ille-et-vilaine,35000,France,DAFM synth - ARCADE YM2151,Knobs color: Metallic Red,1,259.99,259.99,259.99,16.49,0.0,276.48,billed
283955,2021-09-04,2021-09-06,b71f43c3657de7d30a8a16f55f09ec956cda3d56894cf9d74d1ef2a44bf4b8d9,Ooltewah,TN,37363-4855,United States of America,DAFM synth - GENESIS YM2612 / YM3438,Knobs color: Urban Black; FM YAMAHA chip: YM2612,1,274.98,274.98,274.98,24.99,0.0,299.97,billed
283975,2021-09-04,2021-09-06,a7de391658c5a4fe136d9f3d6a35394954aef33ab8047e857055fdf3c3f964ec,Cleveland Heights,OH,44118-4313,United States of America,DAFM synth - GENESIS YM2612 / YM3438,Knobs color: Urban Black; FM YAMAHA chip: YM3438,1,259.99,259.99,259.99,24.99,0.0,284.98,billed
284914,2021-09-11,2021-09-13,c57a6536b453f510752128be4606d804245cfa14dbb2e5648f4152f900d99904,Shiroishi-City,Miyagi-ken,989-0213,Japan,DAFM synth - ARCADE YM2151 - DIY kit,Assembly: Do-It-Yourself; USB to Serial Adapter for future firmware upgrades: Not included,1,159.99,159.99,159.99,24.99,0.0,184.98,billed
285229,2021-09-12,2021-09-16,bb896dda33736b77df1bdd93fc3d85bae54c6b2a75c12b04db7297c8fdba1b10,Platina,CA,96076-9531,United States of America,DAFM synth - GENESIS YM2612 / YM3438,Knobs color: Urban Black; FM YAMAHA chip: YM3438,1,259.99,259.99,259.99,24.99,0.0,284.98,billed
285417,2021-09-14,2021-09-25,0618510568bedd20b573f8bfeca0ceda5753c949015800f3c4da5fa85d0a2968,Berlin,Berlin,10779,Germany,DAFM synth - ARCADE YM2151,Knobs color: Urban Black,1,259.99,259.99,259.99,16.49,0.0,276.48,billed
286444,2021-09-21,2021-09-25,e1f7764ed879843629577bb7d127cc49f98aa4b0e7c398363aafa276c55fc22d,Melbourne,FL,32901-1408,United States of America,DAFM synth - ARCADE YM2151 - DIY kit,Assembly: Do-It-Yourself; USB to Serial Adapter for future firmware upgrades: Included,1,169.98,169.98,169.98,24.99,0.0,194.97,billed
288105,2021-10-01,2021-10-03,29b2bac5decdc8aa13c07ad0c2aee6076099044cc28bb450650575095b0fb248,Puigcerdà,Girona,17520,Spain,DAFM synth - BLASTER YMF262 (OPL3),Knobs color: Silver Gray,1,259.99,259.99,259.99,5.99,0.0,265.98,billed
288165,2021-10-02,2021-10-04,32a49107a461565fb08a970513e651982ed0999a4bc3fd46d8bb69326bc3ba85,Sartrouville,Yvelines,78500,France,DAFM synth - GENESIS YM2612 / YM3438 - DIY kit,Assembly: Do-It-Yourself; FM YAMAHA chip: YM3438; USB to Serial Adapter for future firmware upgrades: Included,1,169.98,169.98,169.98,16.49,0.0,186.47,billed
288227,2021-10-02,2021-10-04,9d1fa73552bccfd58b3aee0d4a1488816fb0e04144add47c27eb782329b7cf20,Basye,VA,22810-0156,United States of America,DAFM synth - GENESIS YM2612 / YM3438 - DIY kit,Assembly: Do-It-Yourself; USB to Serial Adapter for future firmware upgrades: Not included; FM YAMAHA chip: YM3438,1,159.99,159.99,159.99,24.99,0.0,184.98,billed
288249,2021-10-02,2021-10-04,08702b4b945b8b1a36ba2f09dfe7a4eb485ba1b409cf073160c97901f814faa4,Chêne-Bougeries,Genève,1224,Switzerland,DAFM synth - GENESIS YM2612 / YM3438 - DIY kit,Assembly: Do-It-Yourself; USB to Serial Adapter for future firmware upgrades: Included; FM YAMAHA chip: YM2612,1,184.97,184.97,184.97,24.99,0.0,209.96,billed
312189,2022-02-09,2022-02-13,5bc7e0e0f5ff854bfb6a5bde9790af93d15ff386863c371f8f6b122fd58e4f66,Kawasaki,Kanagawa,2150022,Japan,DAFM synth - ARCADE YM2151,Knobs color: Urban Black,1,259.99,259.99,259.99,24.99,0.0,284.98,billed
312205,2022-02-10,2022-02-13,0d244618b6725e70f860e43658e6e745cc6c4da628d40e5faf1d5013488d3e4e,East Perth,WA,6004,Australia,DAFM synth - ARCADE YM2151,Knobs color: Metallic Red,1,259.99,259.99,259.99,24.99,0.0,284.98,billed
315636,2022-02-27,2022-03-01,f3765eaf71e59993a36bf461479ad4769cc6b481dafc0afecff937ecf0ddd199,Morayfield,Queensland,4506,Australia,DAFM synth - BLASTER YMF262 (OPL3) - DIY kit,Assembly: Do-It-Yourself; USB to Serial Adapter for future firmware upgrades: Included,1,169.98,169.98,169.98,24.99,0.0,194.97,billed
317704,2022-03-10,2022-03-13,f64e333629c65b932c637793f594494579e17767988f1792db91027f9600aeab,Daegu,Daegu,42643,South Korea,DAFM synth - BLASTER YMF262 (OPL3) - DIY kit,Assembly: Do-It-Yourself; USB to Serial Adapter for future firmware upgrades: Not included,1,159.99,159.99,159.99,24.99,0.0,184.98,billed
318110,2022-03-13,2022-03-18,a832c1dc74dc712e6499ee0b35b043a18ebda9fffe33994cc2d11b5d7242bad9,Cherrybrook,nsw,2126,Australia,DAFM synth - GENESIS YM2612 / YM3438,Knobs color: Metallic Red; FM YAMAHA chip: YM2612,1,274.98,274.98,274.98,24.99,0.0,299.97,billed
318128,2022-03-13,2022-03-18,02d256b0945f57b2c67f2cf6de70b7d49846e77cb09977c8f8112b26da44d83d,Centennial,CO,80112-1741,United States of America,DAFM synth - GENESIS YM2612 / YM3438,Knobs color: Urban Black; FM YAMAHA chip: YM3438,1,259.99,259.99,259.99,24.99,0.0,284.98,billed
318134,2022-03-13,2022-03-19,5a5750a79b707218954ff56116a084ae7b9815c7a83a7064a1f0b3452f33382b,Berlin,Berlin,13359,Germany,DAFM synth - GENESIS YM2612 / YM3438,Knobs color: Urban Black; FM YAMAHA chip: YM3438,1,259.99,259.99,259.99,16.49,0.0,276.48,refunded
319111,2022-03-18,2022-03-19,5054cfc5ee098343169f2b6d5a37ea4db89cd080701c005d968ead463045da63,Golden,CO,80403-2140,United States of America,DAFM synth - BLASTER YMF262 (OPL3) - DIY kit,Assembly: Do-It-Yourself; USB to Serial Adapter for future firmware upgrades: Not included,1,159.99,159.99,159.99,24.99,0.0,184.98,billed
322765,2022-04-10,2022-04-12,9107d874884f847420f9569fedf479d978cffe1adc69cef2b9cc6ad3f578f1b1,Watertown,MA,02472-2705,United States of America,DAFM synth - BLASTER YMF262 (OPL3),Knobs color: Urban Black,1,259.99,259.99,259.99,24.99,0.0,284.98,billed
322771,2022-04-10,2022-04-12,5d0c36fbda1915726447ce3c19f8208dd4029cbbe4f93760225adc8f87ee7b3d,Seoul,Seoul,03482,South Korea,DAFM synth - BLASTER YMF262 (OPL3),Knobs color: Silver Gray,1,259.99,259.99,259.99,24.99,0.0,284.98,billed
324813,2022-04-24,2022-04-27,5d0c36fbda1915726447ce3c19f8208dd4029cbbe4f93760225adc8f87ee7b3d,Seoul,Seoul,03482,South Korea,DAFM synth - GENESIS YM2612 / YM3438,Knobs color: Urban Black; FM YAMAHA chip: YM3438,1,259.99,259.99,259.99,24.99,0.0,284.98,billed
326041,2022-05-01,2022-05-02,c10021ba1075371b858cfb06a48490ce23c5b868f1fb21c2109729dfa728a0c3,HIgashiyama,Kyoto,6050061,Japan,DAFM synth - GENESIS YM2612 / YM3438,Knobs color: Urban Black; FM YAMAHA chip: YM3438,1,259.99,259.99,259.99,24.99,0.0,284.98,billed
326075,2022-05-01,2022-05-02,29b2bac5decdc8aa13c07ad0c2aee6076099044cc28bb450650575095b0fb248,Puigcerdà,Girona,17520,Spain,DAFM synth - GENESIS YM2612 / YM3438,Knobs color: Metallic Red; FM YAMAHA chip: YM2612,1,274.98,274.98,274.98,5.99,0.0,280.97,billed
326097,2022-05-01,2022-05-02,cae07162d61de2a33312717a42b69f975349554a7748b368d414999596833aa6,Tarragindi,QLD,4121,Australia,DAFM synth - BLASTER YMF262 (OPL3),Knobs color: Metallic Red,1,259.99,259.99,259.99,24.99,0.0,284.98,billed
326289,2022-05-02,2022-05-03,9a54d5e6dc8aa59f518b551088adb8e546d17cb6b83ae0d8cfa87e11c09c465d,Sterling,NY,13156-5207,United States of America,DAFM synth - BLASTER YMF262 (OPL3),Knobs color: Metallic Red,1,259.99,259.99,259.99,24.99,0.0,284.98,billed
328527,2022-05-15,2022-05-18,8f11fe37b3a3ac2f8621df7410a516eebd3f6e60969e311a4428072b6d5d7e49,Muskegon,MI,49441-1731,United States of America,DAFM synth - GENESIS YM2612 / YM3438 - DIY kit,Assembly: Do-It-Yourself; USB to Serial Adapter for future firmware upgrades: Included; FM YAMAHA chip: YM2612,1,184.97,184.97,184.97,24.99,0.0,209.96,billed
328567,2022-05-15,2022-05-18,d317c59d096f80648e4c87816c232f7db276600237c36be3988cc78777f86b6f,Torslanda,Vastra gotaland,42338,Sweden,DAFM synth - GENESIS YM2612 / YM3438 - DIY kit,Assembly: Do-It-Yourself; USB to Serial Adapter for future firmware upgrades: Included; FM YAMAHA chip: YM2612,1,184.97,184.97,184.97,16.49,0.0,201.46,billed
328709,2022-05-16,2022-05-18,065c30297781a7e40e0994e1533e639d1a01f57218da8609095abb2013ab8a1c,Christchurch,CANTERBURY,8042,New Zealand,DAFM synth - GENESIS YM2612 / YM3438 - DIY kit,Assembly: Do-It-Yourself; FM YAMAHA chip: YM3438; USB to Serial Adapter for future firmware upgrades: Included,1,169.98,169.98,169.98,24.99,0.0,194.97,billed
331852,2022-06-06,2022-06-07,cd36235e7711e378b3ec49eca87fc354ec2b528814c00fd563ce60ae71dd75da,McMinnville,OR,97128-9554,United States of America,DAFM synth - ARCADE YM2151,Knobs color: Metallic Red,1,259.99,259.99,259.99,24.99,0.0,284.98,billed
332621,2022-06-12,,cd36235e7711e378b3ec49eca87fc354ec2b528814c00fd563ce60ae71dd75da,McMinnville,OR,97128-9554,United States of America,DAFM synth - GENESIS YM2612 / YM3438,Knobs color: Urban Black; FM YAMAHA chip: YM3438,1,269.99,269.99,269.99,24.99,0.0,294.98,billed
